ID_Nasabah;Usia;Pendapatan_Bulanan_Juta;Saldo_Rata_Rata_Juta;Nilai_Pinjaman_Juta;Skor_Kredit;Jumlah_Tunggakan;Frekuensi_Transaksi_Bulanan;Debt_to_Income_Ratio;Lama_Menjadi_Nasabah_Tahun;Jenis_Pinjaman;Status_Pekerjaan;Kepemilikan_Kartu_Kredit;Target_Risiko_Kredit
BNK0001;49;14,4;167,2;67,9;765;0,9;27;0,16;13;Konsumtif;Tetap;Ya;Risiko Rendah
BNK0002;35;4,8;0;119,1;466;5,3;7;0,50;3,6;Multiguna;Wiraswasta;Ya;Risiko Tinggi
BNK0003;44;14,4;78,5;69;751;1,8;19;0,24;3;Konsumtif;Tetap;Ya;Risiko Sedang
BNK0004;40;7,3;39,9;93,2;810;0,8;16;0,39;6,3;Multiguna;Wiraswasta;Tidak;Risiko Sedang
BNK0005;23;10,3;68,9;153,3;625;6,8;10;0,59;6,7;Multiguna;Kontrak;Tidak;Risiko Tinggi
BNK0006;32;14,7;188,5;92,7;818;1;28;0,30;8,8;Multiguna;Tetap;Tidak;Risiko Rendah
BNK0007;26;13,1;106,2;37,4;649;0;26;0,13;9,1;Konsumtif;Tetap;Ya;Risiko Rendah
BNK0008;44;7,9;68,2;140,9;448;4,7;15;0,61;5,8;Multiguna;Tetap;Ya;Risiko Tinggi
BNK0009;45;16,9;91,1;81;744;0,9;31;0,30;5,7;Konsumtif;Tetap;Ya;Risiko Rendah
BNK0010;44;16,1;123;44,1;850;2;22;0,17;9,5;Multiguna;Tetap;Ya;Risiko Rendah
BNK0011;37;18,5;32,7;130,6;677;1,7;21;0,50;5;Konsumtif;Kontrak;Ya;Risiko Sedang
BNK0012;20;10,8;47,8;77,8;695;1,1;23;0,48;3;Konsumtif;Tetap;Tidak;Risiko Sedang
BNK0013;28;9,5;5,2;187,5;578;3,5;12;0,59;0,9;Multiguna;Wiraswasta;Tidak;Risiko Tinggi
BNK0014;44;12,6;18,9;105,8;674;2,5;12;0,37;5,7;Konsumtif;Kontrak;Tidak;Risiko Sedang
BNK0015;29;7,9;37,9;129;683;6,8;12;0,58;2;Konsumtif;Kontrak;Tidak;Risiko Tinggi
BNK0016;37;11,4;122,5;67,9;788;0;32;0,30;7,2;Multiguna;Tetap;Ya;Risiko Rendah
BNK0017;29;12,8;105,1;29,7;742;2,5;18;0,24;4,4;Produktif;Tetap;Ya;Risiko Sedang
BNK0018;43;20,2;119,3;52,4;777;2;11;0,20;6,6;Konsumtif;Tetap;Tidak;Risiko Rendah
BNK0019;32;6,9;63,5;93,2;696;4,4;27;0,44;3,7;Produktif;Tetap;Ya;Risiko Sedang
BNK0020;18;7,8;2,6;151,3;629;5,4;10;0,68;3,7;Konsumtif;Wiraswasta;Tidak;Risiko Tinggi
BNK0021;43;17,9;80,1;44,6;563;0,3;24;0,52;8;Konsumtif;Tetap;Ya;Risiko Sedang
BNK0022;44;6,4;46,8;59,6;692;1,9;18;0,45;0,9;Multiguna;Kontrak;Ya;Risiko Sedang
BNK0023;28;8,8;118,9;76,3;592;3,4;21;0,39;4,7;Konsumtif;Tetap;Tidak;Risiko Sedang
BNK0024;37;10,1;66,7;63,9;638;5,2;24;0,39;0,6;Multiguna;Tetap;Ya;Risiko Sedang
BNK0025;58;20;137;65,5;727;0,1;15;0,13;11;Multiguna;Tetap;Ya;Risiko Rendah
BNK0026;30;8,5;61,3;83,6;772;2,2;28;0,43;6,4;Konsumtif;Tetap;Tidak;Risiko Sedang
BNK0027;38;9,3;9,3;110,6;508;6,6;9;0,68;0,2;Multiguna;Wiraswasta;Tidak;Risiko Tinggi
BNK0028;48;18,2;172,7;31,5;733;0,6;29;0,42;11,6;Konsumtif;Tetap;Ya;Risiko Rendah
BNK0029;29;9,7;71,9;111,6;638;3,8;21;0,28;4,8;Multiguna;Wiraswasta;Tidak;Risiko Sedang
BNK0030;21;13,7;70,7;69,9;611;1,8;24;0,42;8,7;Konsumtif;Tetap;Ya;Risiko Sedang
BNK0031;38;4,5;54,2;80,6;705;1,6;15;0,32;8;Konsumtif;Tetap;Ya;Risiko Sedang
BNK0032;25;2;23,4;166;481;7;17;0,57;3,8;Konsumtif;Wiraswasta;Ya;Risiko Tinggi
BNK0033;37;7,8;65,9;110,3;644;3,2;20;0,35;7,6;Multiguna;Tetap;Ya;Risiko Sedang
BNK0034;38;20;102,2;52,8;789;0;17;0,14;8,7;Produktif;Kontrak;Ya;Risiko Rendah
BNK0035;18;16;100,6;104,8;736;2,8;25;0,35;6,9;Konsumtif;Kontrak;Ya;Risiko Sedang
BNK0036;30;12,1;68,1;116,4;705;0,8;13;0,35;6,5;Konsumtif;Kontrak;Tidak;Risiko Sedang
BNK0037;42;22,9;200,4;54,2;728;1,8;12;0,21;4,3;Multiguna;Tetap;Tidak;Risiko Rendah
BNK0038;42;4,5;123,8;100,2;701;4,3;16;0,14;7,1;Konsumtif;Kontrak;Ya;Risiko Sedang
BNK0039;47;17;137,3;57,9;743;1,5;19;0,27;11,7;Produktif;Kontrak;Tidak;Risiko Rendah
BNK0040;27;23,8;93,4;0;843;0,9;26;0,31;8,2;Multiguna;Tetap;Ya;Risiko Rendah
BNK0041;31;5,5;43,9;81;658;2,1;14;0,44;5,9;Multiguna;Kontrak;Tidak;Risiko Sedang
BNK0042;29;6,8;0;100,4;568;4,4;15;0,53;0,9;Multiguna;Wiraswasta;Ya;Risiko Tinggi
BNK0043;18;2;17,1;107,8;550;5,1;1;0,39;2,7;Konsumtif;Kontrak;Tidak;Risiko Tinggi
BNK0044;31;10,9;41,8;75,1;653;3,6;23;0,40;3,4;Produktif;Wiraswasta;Ya;Risiko Sedang
BNK0045;46;7,6;18,5;103,2;545;5,9;13;0,62;4,3;Konsumtif;Tetap;Tidak;Risiko Tinggi
BNK0046;35;4,2;89,9;102,7;614;1;23;0,52;6,4;Konsumtif;Wiraswasta;Ya;Risiko Sedang
BNK0047;24;5,4;13,2;126,4;503;7,1;6;0,49;2,6;Konsumtif;Wiraswasta;Ya;Risiko Tinggi
BNK0048;29;8,7;0;114,6;520;4,5;12;0,56;0,2;Multiguna;Kontrak;Tidak;Risiko Tinggi
BNK0049;43;23,6;126,5;14,5;846;0,8;28;0,19;9,6;Multiguna;Tetap;Ya;Risiko Rendah
BNK0050;39;6,7;98,4;104,3;697;1,5;21;0,44;5,3;Multiguna;Wiraswasta;Ya;Risiko Sedang
BNK0051;31;9,4;151;92,5;699;0,8;28;0,41;4,9;Konsumtif;Wiraswasta;Tidak;Risiko Sedang
BNK0052;48;20,3;137,6;37,3;620;2,6;28;0,37;9,9;Produktif;Tetap;Tidak;Risiko Rendah
BNK0053;36;22,6;159,4;64,4;768;0,3;27;0,24;6,1;Konsumtif;Kontrak;Tidak;Risiko Rendah
BNK0054;47;13,5;163,7;49,6;823;1,8;16;0,29;7,9;Multiguna;Tetap;Ya;Risiko Rendah
BNK0055;32;7,6;114,5;101,9;578;1,8;17;0,44;2,7;Produktif;Kontrak;Tidak;Risiko Sedang
BNK0056;27;10,3;0;96,1;457;6,3;13;0,42;4,2;Konsumtif;Wiraswasta;Tidak;Risiko Tinggi
BNK0057;19;3,9;0;80,8;486;4,4;10;0,57;3,3;Multiguna;Tetap;Tidak;Risiko Tinggi
BNK0058;40;6,1;27,1;157,9;488;4,2;14;0,59;0,2;Konsumtif;Kontrak;Tidak;Risiko Tinggi
BNK0059;57;19;126,3;56,6;826;0;39;0,14;9,4;Produktif;Wiraswasta;Tidak;Risiko Rendah
BNK0060;18;4,6;56,4;62;690;4,7;21;0,20;7;Multiguna;Kontrak;Tidak;Risiko Sedang
BNK0061;59;19,7;97,6;28,7;770;2,4;22;0,05;4,7;Konsumtif;Tetap;Ya;Risiko Rendah
BNK0062;36;16,7;105,2;0;796;0;29;0,18;8,9;Multiguna;Kontrak;Ya;Risiko Rendah
BNK0063;44;12,5;149,2;31,3;840;0,6;23;0,28;7,8;Konsumtif;Tetap;Tidak;Risiko Rendah
BNK0064;36;11,1;25,3;87,9;506;9;20;0,47;0,6;Konsumtif;Tetap;Ya;Risiko Tinggi
BNK0065;31;18,5;48,7;92,8;579;1,5;16;0,33;5,9;Konsumtif;Kontrak;Ya;Risiko Sedang
BNK0066;19;18,8;31;1,5;652;3,4;29;0,42;4,8;Konsumtif;Wiraswasta;Ya;Risiko Sedang
BNK0067;51;31,1;119,4;8,5;721;0;36;0,24;5,3;Produktif;Tetap;Tidak;Risiko Rendah
BNK0068;37;16,3;117,2;66,4;775;0;24;0,18;5,5;Produktif;Tetap;Ya;Risiko Rendah
BNK0069;40;10,1;65;72,6;573;2,5;16;0,33;8,3;Multiguna;Tetap;Ya;Risiko Sedang
BNK0070;18;3,6;61,3;202,1;529;5,1;26;0,45;0,6;Konsumtif;Kontrak;Tidak;Risiko Tinggi
BNK0071;30;2;74,1;145,5;626;4,9;18;0,56;5,8;Multiguna;Kontrak;Ya;Risiko Tinggi
BNK0072;45;18,8;188,6;53,5;695;0,9;29;0,27;6,3;Konsumtif;Tetap;Tidak;Risiko Rendah
BNK0073;39;6,9;0;93,9;520;4,2;7;0,46;0,8;Multiguna;Kontrak;Ya;Risiko Tinggi
BNK0074;36;17,3;140,3;0;771;0,5;20;0,19;12,6;Konsumtif;Tetap;Ya;Risiko Rendah
BNK0075;47;18,2;150,8;60,1;814;0;30;0,24;5,6;Produktif;Tetap;Ya;Risiko Rendah
BNK0076;36;15,9;41,3;64,4;596;1;26;0,44;2,5;Konsumtif;Kontrak;Ya;Risiko Sedang
BNK0077;50;8,7;0;106,2;478;5,5;12;0,60;4;Multiguna;Wiraswasta;Tidak;Risiko Tinggi
BNK0078;52;18;154,2;101,1;770;0;20;0,33;8,5;Konsumtif;Tetap;Tidak;Risiko Rendah
BNK0079;33;6,1;6,2;103,3;503;5,1;20;0,56;0,2;Konsumtif;Wiraswasta;Tidak;Risiko Tinggi
BNK0080;34;3,3;79,8;111,2;597;4,6;14;0,56;1,1;Konsumtif;Kontrak;Tidak;Risiko Tinggi
BNK0081;39;6,5;29,9;135,2;520;3,7;14;0,41;1,1;Produktif;Tetap;Tidak;Risiko Tinggi
BNK0082;45;16,4;152,1;48,9;736;1,8;22;0,28;8,5;Multiguna;Kontrak;Ya;Risiko Rendah
BNK0083;52;11,8;133,6;10,2;698;0,4;25;0,29;12,9;Produktif;Kontrak;Ya;Risiko Rendah
BNK0084;21;10,5;29,5;52,2;640;0,8;21;0,40;4,3;Konsumtif;Wiraswasta;Ya;Risiko Sedang
BNK0085;18;11,1;0;129,7;523;6,3;1;0,68;0,2;Konsumtif;Kontrak;Ya;Risiko Tinggi
BNK0086;53;15,4;176,3;0;756;0,4;23;0,12;10,5;Produktif;Kontrak;Tidak;Risiko Rendah
BNK0087;35;8,2;75,1;158,3;522;3,8;11;0,54;2,6;Konsumtif;Wiraswasta;Tidak;Risiko Tinggi
BNK0088;44;21,9;136,5;28;835;0,8;29;0,27;7,5;Multiguna;Tetap;Tidak;Risiko Rendah
BNK0089;25;13,4;149,6;12,8;806;0;19;0,15;7;Produktif;Tetap;Tidak;Risiko Rendah
BNK0090;37;16,9;165,7;24,5;746;0;30;0,15;6,9;Konsumtif;Tetap;Tidak;Risiko Rendah
BNK0091;37;8,9;104,5;128,4;469;5,3;20;0,49;1,3;Multiguna;Kontrak;Ya;Risiko Tinggi
BNK0092;47;13,2;62,3;70,2;670;2,5;19;0,36;5,7;Konsumtif;Tetap;Tidak;Risiko Sedang
BNK0093;33;11,7;74,6;73,7;669;2,8;19;0,31;7,2;Produktif;Tetap;Tidak;Risiko Sedang
BNK0094;35;20,3;134,3;40,6;691;0;36;0,10;11,4;Produktif;Tetap;Ya;Risiko Rendah
BNK0095;38;13,6;149,9;11;762;1,2;24;0,25;6,4;Multiguna;Tetap;Ya;Risiko Rendah
BNK0096;48;16,5;189,8;44,8;832;0,9;16;0,17;14,1;Konsumtif;Tetap;Ya;Risiko Rendah
BNK0097;55;19,6;122,4;0;791;1,5;32;0,25;9,9;Konsumtif;Tetap;Ya;Risiko Rendah
BNK0098;24;5;49,7;100,9;614;5,5;16;0,65;0,2;Konsumtif;Kontrak;Tidak;Risiko Tinggi
BNK0099;40;21,4;132,4;10,3;644;0,7;25;0,37;9,2;Produktif;Tetap;Ya;Risiko Rendah
BNK0100;62;18,5;109,8;84,4;759;0;37;0,19;8,4;Produktif;Tetap;Tidak;Risiko Rendah
BNK0101;28;15,4;164,3;35,6;796;0;24;0,20;6,4;Produktif;Tetap;Ya;Risiko Rendah
BNK0102;32;15,7;159,9;42,3;714;1,3;33;0,11;5,3;Produktif;Tetap;Ya;Risiko Rendah
BNK0103;46;11,6;65,9;131,5;745;2,8;16;0,40;7,9;Konsumtif;Tetap;Ya;Risiko Sedang
BNK0104;38;10;142,3;0;742;0,9;31;0,23;8,3;Produktif;Tetap;Ya;Risiko Rendah
BNK0105;35;16;129;10,5;794;2,3;30;0,21;7,5;Multiguna;Tetap;Ya;Risiko Rendah
BNK0106;21;16,8;120,5;9,1;767;0;26;0,38;7,8;Multiguna;Wiraswasta;Tidak;Risiko Rendah
BNK0107;44;3,3;29,6;135,5;542;4;3;0,50;2,9;Konsumtif;Tetap;Ya;Risiko Tinggi
BNK0108;47;17;145,2;12,1;706;1,8;26;0,19;6,1;Multiguna;Tetap;Ya;Risiko Rendah
BNK0109;37;20;158,1;0;728;1,3;30;0,27;10,2;Produktif;Wiraswasta;Ya;Risiko Rendah
BNK0110;34;11,5;32,8;41,5;701;1,2;20;0,43;6,1;Multiguna;Kontrak;Tidak;Risiko Sedang
BNK0111;25;5,5;34;75;579;1,3;14;0,30;6,8;Konsumtif;Kontrak;Ya;Risiko Sedang
BNK0112;29;19,8;27,4;75,2;655;1;20;0,32;5,8;Produktif;Kontrak;Ya;Risiko Sedang
BNK0113;43;15,8;149,2;0;829;3,5;32;0,17;7,1;Multiguna;Tetap;Tidak;Risiko Rendah
BNK0114;51;19,4;97,2;23,3;850;0,9;25;0,23;5,2;Multiguna;Tetap;Tidak;Risiko Rendah
BNK0115;40;10;0;131,7;613;2,9;27;0,57;0,2;Multiguna;Tetap;Ya;Risiko Tinggi
BNK0116;29;10,5;66,4;110,1;686;0;16;0,41;6,8;Multiguna;Wiraswasta;Ya;Risiko Sedang
BNK0117;43;12,2;163;58,5;776;0,7;22;0,25;8,8;Multiguna;Kontrak;Ya;Risiko Rendah
BNK0118;40;13,7;143,1;19,2;779;1,3;27;0,12;9,4;Multiguna;Tetap;Ya;Risiko Rendah
BNK0119;41;10,6;59,2;56,8;705;1,5;19;0,36;2,4;Multiguna;Kontrak;Tidak;Risiko Sedang
BNK0120;39;13;81;83,6;623;3,7;25;0,36;5,4;Multiguna;Wiraswasta;Ya;Risiko Sedang
BNK0121;29;15,5;136,4;2,1;808;0,1;30;0,17;7,3;Produktif;Tetap;Tidak;Risiko Rendah
BNK0122;18;9,8;103,2;80,3;671;4,1;14;0,34;5;Konsumtif;Wiraswasta;Tidak;Risiko Sedang
BNK0123;44;22,4;115,4;41,5;760;0,4;32;0,31;5,7;Produktif;Tetap;Ya;Risiko Rendah
BNK0124;45;19,7;100,3;31,3;777;0,2;38;0,11;7,6;Multiguna;Tetap;Tidak;Risiko Rendah
BNK0125;41;13,4;138,7;23,3;771;1,1;22;0,21;7,7;Konsumtif;Tetap;Tidak;Risiko Rendah
BNK0126;41;18,9;143,7;31,1;702;3;29;0,31;11,3;Produktif;Tetap;Ya;Risiko Rendah
BNK0127;31;21;215,2;49,1;667;0;24;0,30;11,4;Multiguna;Tetap;Ya;Risiko Rendah
BNK0128;31;16,7;182,7;29,3;770;1,4;23;0,30;8,3;Produktif;Wiraswasta;Ya;Risiko Rendah
BNK0129;62;20,7;133,3;7,9;770;2,8;26;0,11;5,8;Multiguna;Tetap;Tidak;Risiko Rendah
BNK0130;27;21,4;186;36;769;0;35;0,16;6,1;Konsumtif;Tetap;Tidak;Risiko Rendah
BNK0131;39;6,1;102,1;60,7;546;3,8;27;0,47;7,3;Konsumtif;Wiraswasta;Tidak;Risiko Sedang
BNK0132;30;4;25,9;103,2;440;1,5;20;0,54;0,2;Konsumtif;Wiraswasta;Ya;Risiko Tinggi
BNK0133;18;2;13,3;123,4;423;6,3;23;0,76;0,2;Konsumtif;Wiraswasta;Ya;Risiko Tinggi
BNK0134;34;16,2;188;5,4;819;1,1;28;0,17;11,4;Produktif;Wiraswasta;Ya;Risiko Rendah
BNK0135;50;13,3;45;96,6;672;1,8;14;0,47;0,7;Konsumtif;Wiraswasta;Tidak;Risiko Sedang
BNK0136;35;10,5;31,5;143,7;616;5,9;10;0,62;4,5;Konsumtif;Kontrak;Ya;Risiko Tinggi
BNK0137;31;16,8;132,3;56,5;597;0;24;0,36;7,1;Multiguna;Tetap;Ya;Risiko Sedang
BNK0138;37;8,4;28;93,7;508;6,3;17;0,53;1,7;Multiguna;Tetap;Ya;Risiko Tinggi
BNK0139;35;16,7;182;14,2;786;1;35;0,18;3,9;Produktif;Tetap;Tidak;Risiko Rendah
BNK0140;38;7,1;54,1;98,3;641;1,9;15;0,45;8,6;Produktif;Kontrak;Tidak;Risiko Sedang
BNK0141;38;12,8;159,6;42,9;773;1,7;13;0,19;6,9;Multiguna;Tetap;Tidak;Risiko Rendah
BNK0142;39;13,2;0;94,3;506;6,7;15;0,53;3,9;Produktif;Kontrak;Tidak;Risiko Tinggi
BNK0143;51;14,3;108,5;56,9;823;3,6;22;0,26;7,2;Produktif;Tetap;Ya;Risiko Rendah
BNK0144;21;16,8;81;105,9;816;0,3;16;0,52;4,3;Produktif;Tetap;Ya;Risiko Sedang
BNK0145;57;17,5;165,3;83,3;781;0;28;0,24;9,3;Produktif;Tetap;Ya;Risiko Rendah
BNK0146;28;5,8;100,3;29,3;755;0;19;0,43;2,2;Produktif;Wiraswasta;Tidak;Risiko Sedang
BNK0147;52;12,9;50,8;60,9;728;4,9;25;0,26;6,4;Produktif;Kontrak;Ya;Risiko Sedang
BNK0148;30;12,7;66,9;84,8;749;0,2;18;0,53;5,7;Multiguna;Kontrak;Ya;Risiko Sedang
BNK0149;37;14,4;134,9;92,4;693;2,1;13;0,34;4,1;Multiguna;Wiraswasta;Tidak;Risiko Sedang
BNK0150;38;19,6;149;30,6;748;0,3;24;0,23;9,3;Produktif;Kontrak;Ya;Risiko Rendah
BNK0151;40;16,5;137,4;71,9;781;0;32;0,28;10,4;Produktif;Tetap;Ya;Risiko Rendah
BNK0152;21;12,3;53,7;90,7;623;2,3;19;0,38;2,1;Multiguna;Tetap;Ya;Risiko Sedang
BNK0153;52;20,4;111,6;47,3;749;1,2;41;0,19;12,6;Produktif;Tetap;Ya;Risiko Rendah
BNK0154;31;11;57,5;54;687;3,4;1;0,21;6,3;Konsumtif;Tetap;Tidak;Risiko Sedang
BNK0155;44;18,6;165,7;0;786;0;29;0,29;9,7;Multiguna;Tetap;Ya;Risiko Rendah
BNK0156;31;18,1;159,8;0;776;2,8;26;0,10;10,2;Produktif;Kontrak;Tidak;Risiko Rendah
BNK0157;30;7;46,1;109,9;499;4,6;14;0,63;0,2;Konsumtif;Wiraswasta;Tidak;Risiko Tinggi
BNK0158;27;8,3;61,8;75,6;696;1,9;26;0,51;3,8;Produktif;Tetap;Tidak;Risiko Sedang
BNK0159;43;15,4;192,4;34,9;778;0,4;26;0,27;8,7;Konsumtif;Kontrak;Ya;Risiko Rendah
BNK0160;35;18,9;155,1;42,1;807;0;30;0,17;12,7;Produktif;Tetap;Tidak;Risiko Rendah
BNK0161;29;10,5;88;73,7;651;3,6;1;0,40;5,1;Produktif;Wiraswasta;Tidak;Risiko Sedang
BNK0162;24;7;31,2;133,3;577;6,4;11;0,58;6,5;Multiguna;Kontrak;Ya;Risiko Tinggi
BNK0163;25;13,3;86,2;61,2;644;2,8;23;0,37;4,5;Konsumtif;Wiraswasta;Ya;Risiko Sedang
BNK0164;26;7,5;97,6;100,3;547;5,1;7;0,55;6,1;Konsumtif;Kontrak;Ya;Risiko Tinggi
BNK0165;36;8,8;65,4;118,9;596;5,4;14;0,51;0,2;Multiguna;Tetap;Tidak;Risiko Tinggi
BNK0166;39;14,6;120,5;58,2;771;0;28;0,43;10,6;Konsumtif;Tetap;Ya;Risiko Rendah
BNK0167;45;21;129,5;34,8;744;1,7;17;0,23;7,5;Konsumtif;Tetap;Ya;Risiko Rendah
BNK0168;36;17,6;159,9;74,9;850;0;27;0,28;5,3;Konsumtif;Wiraswasta;Tidak;Risiko Rendah
BNK0169;30;13,4;141,7;31;850;0,6;37;0,16;10,3;Konsumtif;Tetap;Ya;Risiko Rendah
BNK0170;21;17,5;144,2;63,2;850;0,2;29;0,24;9,8;Produktif;Kontrak;Tidak;Risiko Rendah
BNK0171;44;4,8;62,9;97,4;546;6,3;19;0,50;3,3;Konsumtif;Wiraswasta;Ya;Risiko Tinggi
BNK0172;59;22;138,1;7,8;760;0;35;0,24;7,9;Multiguna;Tetap;Ya;Risiko Rendah
BNK0173;20;8,8;39,4;79,9;665;3,3;15;0,67;2,9;Produktif;Kontrak;Ya;Risiko Tinggi
BNK0174;36;11,9;169,2;88;747;0;23;0,29;11,5;Produktif;Tetap;Ya;Risiko Rendah
BNK0175;21;5,5;31,1;84,8;489;5,1;16;0,61;2,8;Produktif;Kontrak;Tidak;Risiko Tinggi
BNK0176;48;14,1;102;58,5;683;1,2;25;0,36;6,6;Konsumtif;Kontrak;Tidak;Risiko Sedang
BNK0177;45;23,8;201,8;31;794;1,7;37;0,24;9,9;Produktif;Tetap;Tidak;Risiko Rendah
BNK0178;32;3,3;49,2;130,3;580;5;5;0,46;4,6;Multiguna;Wiraswasta;Tidak;Risiko Tinggi
BNK0179;41;10,4;164,2;44,2;683;2,2;21;0,22;10,4;Multiguna;Tetap;Ya;Risiko Rendah
BNK0180;36;12;77,9;120,2;692;0;24;0,51;3,1;Multiguna;Tetap;Tidak;Risiko Sedang
BNK0181;33;19,9;153,1;0;771;0,6;18;0,23;7,5;Produktif;Kontrak;Tidak;Risiko Rendah
BNK0182;27;16,2;62,3;40,8;691;0,2;5;0,43;1,4;Multiguna;Tetap;Ya;Risiko Sedang
BNK0183;23;13,8;124,8;52,5;785;0;21;0,21;9,5;Konsumtif;Tetap;Ya;Risiko Rendah
BNK0184;40;17,8;158,8;76,5;727;0,3;16;0,28;9,3;Konsumtif;Tetap;Ya;Risiko Rendah
BNK0185;34;19,1;146,4;51,5;711;0;32;0,27;7,8;Produktif;Tetap;Ya;Risiko Rendah
BNK0186;39;17,9;117,2;18,5;673;0,5;22;0,25;8,4;Produktif;Tetap;Ya;Risiko Rendah
BNK0187;22;19,3;50,2;108,9;726;2,5;12;0,19;3,3;Konsumtif;Tetap;Ya;Risiko Sedang
BNK0188;33;18,9;131,1;82,2;744;2,6;17;0,38;8,8;Konsumtif;Tetap;Tidak;Risiko Rendah
BNK0189;65;24,7;129,6;60,1;694;0;31;0,30;7,8;Produktif;Tetap;Ya;Risiko Rendah
BNK0190;36;11,9;41,6;88,7;744;4,2;29;0,41;1,6;Konsumtif;Tetap;Tidak;Risiko Sedang
BNK0191;32;10;53,5;91,8;712;1,7;9;0,39;10,2;Konsumtif;Tetap;Tidak;Risiko Sedang
BNK0192;39;10,1;76,8;176,9;630;1,7;19;0,47;4,1;Multiguna;Tetap;Ya;Risiko Sedang
BNK0193;41;9,7;86,4;114,6;689;4,6;12;0,34;4;Konsumtif;Kontrak;Tidak;Risiko Sedang
BNK0194;37;12,6;126,9;99;598;0;22;0,38;10,3;Konsumtif;Kontrak;Ya;Risiko Sedang
BNK0195;53;18,3;167,5;14,6;814;0;25;0,36;8,8;Produktif;Kontrak;Tidak;Risiko Rendah
BNK0196;35;6,1;0;88,9;573;4,6;19;0,46;0,6;Produktif;Wiraswasta;Ya;Risiko Tinggi
BNK0197;42;17,6;105,1;83,3;787;1,1;35;0,20;5,7;Produktif;Wiraswasta;Tidak;Risiko Rendah
BNK0198;35;8,3;0;102,7;389;6,5;11;0,53;5,1;Produktif;Kontrak;Tidak;Risiko Tinggi
BNK0199;39;7,8;5,5;120,5;628;4,1;15;0,59;4,9;Produktif;Kontrak;Tidak;Risiko Tinggi
BNK0200;37;11,4;101,8;72,3;707;5;20;0,36;5,1;Konsumtif;Tetap;Ya;Risiko Sedang
BNK0201;29;5,4;0;163,2;614;3,8;19;0,60;2,4;Multiguna;Kontrak;Ya;Risiko Tinggi
BNK0202;25;21,8;145,1;5,3;758;1,8;21;0,18;13,6;Konsumtif;Tetap;Tidak;Risiko Rendah
BNK0203;37;14;116,9;116,8;646;0,4;15;0,60;3,8;Multiguna;Tetap;Ya;Risiko Sedang
BNK0204;47;14,8;129,5;26,4;776;0;35;0,20;9;Konsumtif;Wiraswasta;Ya;Risiko Rendah
BNK0205;33;14,9;123,6;67,9;684;2;21;0,33;4,9;Multiguna;Tetap;Ya;Risiko Sedang
BNK0206;36;11,9;0;118,1;497;6;1;0,62;3,1;Konsumtif;Kontrak;Ya;Risiko Tinggi
BNK0207;44;8,6;64,4;129,8;595;3,8;21;0,40;5,5;Produktif;Wiraswasta;Ya;Risiko Sedang
BNK0208;47;21,7;138,1;0;819;1;31;0,08;8;Konsumtif;Tetap;Tidak;Risiko Rendah
BNK0209;23;21,9;158,1;74,5;848;0;26;0,21;8,7;Konsumtif;Tetap;Tidak;Risiko Rendah
BNK0210;29;4;0;107,8;606;5,6;17;0,52;5,1;Produktif;Kontrak;Ya;Risiko Tinggi
BNK0211;42;19,3;226,5;19;819;0,5;26;0,35;6,9;Konsumtif;Wiraswasta;Ya;Risiko Rendah
BNK0212;41;14,3;73,8;86,6;732;2,5;20;0,51;3,1;Konsumtif;Wiraswasta;Tidak;Risiko Sedang
BNK0213;40;15,8;52,7;145,5;670;2,7;17;0,30;6,2;Multiguna;Tetap;Tidak;Risiko Sedang
BNK0214;41;10,6;126,4;3,5;812;1,5;32;0,33;7;Produktif;Tetap;Tidak;Risiko Rendah
BNK0215;31;9,7;0;108;559;5;6;0,46;2,3;Konsumtif;Wiraswasta;Ya;Risiko Tinggi
BNK0216;50;20,3;94,7;44,8;748;1,8;22;0,34;10,3;Konsumtif;Kontrak;Tidak;Risiko Rendah
BNK0217;43;10,7;172,3;16,1;687;0;29;0,07;9,1;Multiguna;Kontrak;Ya;Risiko Rendah
BNK0218;44;13,8;77,9;80,1;685;1,9;23;0,46;3;Konsumtif;Wiraswasta;Ya;Risiko Sedang
BNK0219;38;20,4;79,8;52,4;520;0;21;0,50;7,5;Produktif;Tetap;Tidak;Risiko Sedang
BNK0220;32;14,8;167,2;59,8;780;0;32;0,26;5,2;Produktif;Tetap;Ya;Risiko Rendah
BNK0221;22;9,1;2,8;60,8;664;3,8;13;0,48;4,2;Produktif;Tetap;Ya;Risiko Sedang
BNK0222;35;13,3;28,7;88,7;581;1,4;25;0,43;3,8;Konsumtif;Kontrak;Tidak;Risiko Sedang
BNK0223;46;16,2;116,2;77,2;823;0;35;0,13;7,1;Konsumtif;Tetap;Tidak;Risiko Rendah
BNK0224;40;9,2;46;102,9;685;3;21;0,35;5,6;Multiguna;Tetap;Tidak;Risiko Sedang
BNK0225;27;8,5;33;52,1;563;4,5;16;0,31;3,5;Konsumtif;Wiraswasta;Ya;Risiko Sedang
BNK0226;46;20,3;142,3;41,7;751;0;23;0,08;9,6;Produktif;Tetap;Tidak;Risiko Rendah
BNK0227;36;12,8;68,3;59,4;619;4;22;0,28;5,2;Multiguna;Tetap;Ya;Risiko Sedang
BNK0228;38;7,1;26,9;139,4;495;4,7;2;0,69;0,2;Multiguna;Kontrak;Tidak;Risiko Tinggi
BNK0229;25;7,5;41,9;111,3;660;2,3;19;0,36;6,3;Konsumtif;Kontrak;Ya;Risiko Sedang
BNK0230;49;3;0;105,3;596;1,1;29;0,43;7,3;Produktif;Kontrak;Ya;Risiko Sedang
BNK0231;56;17,1;219,3;58,9;850;0;26;0,27;10,9;Konsumtif;Tetap;Ya;Risiko Rendah
BNK0232;27;14,4;219,5;1,3;695;0;19;0,21;8,4;Produktif;Tetap;Ya;Risiko Rendah
BNK0233;50;17,8;183,4;9,8;850;2,1;34;0,26;6,3;Konsumtif;Tetap;Ya;Risiko Rendah
BNK0234;38;21,3;145,1;45,7;850;1,3;19;0,24;8,1;Multiguna;Tetap;Ya;Risiko Rendah
BNK0235;26;7,7;8,4;93,8;640;2;18;0,44;3,8;Produktif;Tetap;Tidak;Risiko Sedang
BNK0236;34;15,7;130,5;97,5;759;2,9;33;0,12;8,1;Produktif;Tetap;Ya;Risiko Rendah
BNK0237;34;24,1;86,9;36,8;805;0,7;25;0,35;9,3;Konsumtif;Tetap;Ya;Risiko Rendah
BNK0238;34;5,9;27,8;78,3;584;3;20;0,49;3,4;Produktif;Wiraswasta;Ya;Risiko Tinggi
BNK0239;36;12,1;60,1;94,4;661;1,4;19;0,41;5,5;Konsumtif;Wiraswasta;Ya;Risiko Sedang
BNK0240;36;4,7;28,7;122,1;507;5,6;8;0,56;3,1;Konsumtif;Kontrak;Tidak;Risiko Tinggi
BNK0241;26;12,9;105;46,7;814;0,9;14;0,14;3,2;Konsumtif;Tetap;Tidak;Risiko Rendah
BNK0242;38;11,3;34,9;69,6;597;1,7;17;0,41;1,7;Produktif;Kontrak;Ya;Risiko Sedang
BNK0243;23;2;102,6;200,6;513;6,9;6;0,58;1,5;Produktif;Kontrak;Tidak;Risiko Tinggi
BNK0244;36;4,8;17,8;156,1;429;4,2;21;0,51;2,4;Konsumtif;Tetap;Ya;Risiko Tinggi
BNK0245;26;17,5;146,9;72,5;803;0,8;32;0,34;7,9;Produktif;Tetap;Ya;Risiko Rendah
BNK0246;29;4,7;62,8;84,6;703;1,3;18;0,35;4,5;Konsumtif;Kontrak;Tidak;Risiko Sedang
BNK0247;35;9,4;44,1;24,9;621;5,5;11;0,43;6,2;Produktif;Tetap;Tidak;Risiko Sedang
BNK0248;31;15,2;93,5;23,4;804;0;20;0,28;4,3;Konsumtif;Kontrak;Ya;Risiko Rendah
BNK0249;47;13,1;126,6;44,3;795;0;35;0,16;9;Konsumtif;Tetap;Ya;Risiko Rendah
BNK0250;56;15;70,3;64,7;632;1,7;18;0,36;7,6;Konsumtif;Kontrak;Ya;Risiko Sedang
BNK0251;40;9,7;73,6;59,3;649;1,5;23;0,35;5,8;Multiguna;Wiraswasta;Tidak;Risiko Sedang
BNK0252;35;19,1;81,3;8,7;728;0;28;0,25;12,7;Multiguna;Tetap;Ya;Risiko Rendah
BNK0253;41;13,3;19,1;105,4;651;0;21;0,42;7,9;Produktif;Tetap;Tidak;Risiko Sedang
BNK0254;45;11,1;101;97;691;1,9;20;0,40;5;Konsumtif;Wiraswasta;Tidak;Risiko Sedang
BNK0255;25;11;38,7;102,3;578;3,5;26;0,32;2,6;Konsumtif;Kontrak;Tidak;Risiko Sedang
BNK0256;41;18,1;78,8;35,3;726;2,9;31;0,19;7;Produktif;Kontrak;Ya;Risiko Rendah
BNK0257;34;6,7;82,8;102,4;684;1,1;24;0,29;5,7;Konsumtif;Tetap;Tidak;Risiko Sedang
BNK0258;43;6,9;88,9;115,6;705;4,8;14;0,38;5,7;Produktif;Kontrak;Tidak;Risiko Sedang
BNK0259;30;4,8;22,1;106,2;473;7,1;12;0,66;3,7;Multiguna;Kontrak;Tidak;Risiko Tinggi
BNK0260;40;21,4;174,4;7,8;814;0;32;0,27;7,8;Produktif;Tetap;Tidak;Risiko Rendah
BNK0261;33;12,4;132,5;27,6;717;0;27;0,25;10;Multiguna;Kontrak;Ya;Risiko Rendah
BNK0262;25;20,3;196,5;36,3;807;0;31;0,25;6,8;Produktif;Tetap;Tidak;Risiko Rendah
BNK0263;28;16,4;153,6;56,1;840;0;24;0,19;7,1;Produktif;Tetap;Tidak;Risiko Rendah
BNK0264;37;8,9;24,2;84,8;536;4,1;14;0,56;0,2;Konsumtif;Wiraswasta;Tidak;Risiko Tinggi
BNK0265;44;17,7;120,8;26,6;760;0;27;0,20;7,9;Produktif;Tetap;Tidak;Risiko Rendah
BNK0266;42;12,2;65,2;134,6;736;2,1;19;0,40;1,3;Konsumtif;Wiraswasta;Ya;Risiko Sedang
BNK0267;37;9,8;17,8;107,1;633;2;19;0,30;7,6;Multiguna;Wiraswasta;Tidak;Risiko Sedang
BNK0268;40;16,7;189,9;35,3;701;0;26;0,27;5;Konsumtif;Tetap;Tidak;Risiko Rendah
BNK0269;25;4,5;57,7;91,2;557;6,6;17;0,59;3,8;Konsumtif;Kontrak;Tidak;Risiko Tinggi
BNK0270;53;17,5;129;15,3;831;1,5;28;0,22;5,8;Konsumtif;Wiraswasta;Ya;Risiko Rendah
BNK0271;42;8,6;97,2;112,1;783;1,9;13;0,53;6;Konsumtif;Kontrak;Tidak;Risiko Sedang
BNK0272;36;8,5;53,6;98;501;6,4;10;0,56;0,7;Produktif;Tetap;Tidak;Risiko Tinggi
BNK0273;18;8,4;0;123,8;510;4,6;14;0,61;1,6;Multiguna;Tetap;Tidak;Risiko Tinggi
BNK0274;33;2;79,3;161,4;518;4,5;11;0,69;5;Produktif;Wiraswasta;Tidak;Risiko Tinggi
BNK0275;43;16,6;204,1;43,9;726;0;24;0,18;8,8;Konsumtif;Tetap;Tidak;Risiko Rendah
BNK0276;43;15,8;150,3;49,9;781;0;14;0,10;4,9;Produktif;Wiraswasta;Tidak;Risiko Rendah
BNK0277;31;11,4;82;143,1;700;3,1;12;0,39;4,4;Produktif;Kontrak;Tidak;Risiko Sedang
BNK0278;38;7,9;77,9;75,5;604;1;20;0,35;5,7;Multiguna;Tetap;Ya;Risiko Sedang
BNK0279;40;12,8;58,1;43,2;699;1,5;17;0,43;5;Konsumtif;Tetap;Ya;Risiko Sedang
BNK0280;36;8,9;12,7;76,1;628;3,6;14;0,49;7,1;Konsumtif;Wiraswasta;Tidak;Risiko Sedang
BNK0281;32;16,6;97,8;29,5;776;0;31;0,18;10,9;Konsumtif;Tetap;Tidak;Risiko Rendah
BNK0282;23;16,5;84,1;52,3;649;2,1;10;0,19;3,9;Multiguna;Kontrak;Tidak;Risiko Sedang
BNK0283;52;9,6;22,7;67,7;662;1,8;25;0,29;3,3;Produktif;Tetap;Tidak;Risiko Sedang
BNK0284;33;3,1;0;145,5;585;0,4;15;0,63;6,7;Konsumtif;Kontrak;Tidak;Risiko Tinggi
BNK0285;42;15,7;100,2;29,7;782;1,7;19;0,17;9,4;Produktif;Tetap;Ya;Risiko Rendah
BNK0286;30;4,8;93,5;92,2;559;2,3;16;0,33;9,2;Produktif;Tetap;Ya;Risiko Sedang
BNK0287;48;14,1;169,1;12,5;746;0,3;25;0,23;10;Produktif;Kontrak;Tidak;Risiko Rendah
BNK0288;34;15,2;59,1;66,5;626;2,9;24;0,47;4,1;Konsumtif;Tetap;Ya;Risiko Sedang
BNK0289;42;11,2;34,5;127,7;569;6,5;6;0,67;2,4;Multiguna;Tetap;Tidak;Risiko Tinggi
BNK0290;42;8;102,7;51,2;649;4,3;20;0,33;2,9;Produktif;Tetap;Ya;Risiko Sedang
BNK0291;38;21,4;108,2;44,9;737;1,4;35;0,21;9,4;Konsumtif;Tetap;Ya;Risiko Rendah
BNK0292;42;13;30,1;131,2;709;0;28;0,48;2,4;Multiguna;Tetap;Ya;Risiko Sedang
BNK0293;48;14,3;96,7;49,2;795;2,2;32;0,25;5,2;Multiguna;Tetap;Tidak;Risiko Sedang
BNK0294;32;13,1;83,9;82,6;717;2,5;16;0,53;6,2;Produktif;Kontrak;Tidak;Risiko Sedang
BNK0295;36;8,2;58,5;70,7;489;3,1;6;0,51;0,2;Konsumtif;Wiraswasta;Tidak;Risiko Tinggi
BNK0296;36;11,1;82,8;104,6;722;1,6;14;0,35;5,6;Produktif;Kontrak;Ya;Risiko Sedang
BNK0297;39;9,3;36,5;62,7;642;3,1;12;0,40;2,1;Produktif;Tetap;Tidak;Risiko Sedang
BNK0298;36;4,7;0;64,4;530;5,1;4;0,55;8,5;Multiguna;Wiraswasta;Tidak;Risiko Tinggi
BNK0299;34;7,1;57,7;90,1;520;4,6;16;0,66;0,8;Multiguna;Wiraswasta;Tidak;Risiko Tinggi
BNK0300;18;8,5;91,8;34,4;568;0;18;0,34;6,5;Multiguna;Tetap;Tidak;Risiko Sedang
BNK0301;47;17,5;63,4;112,8;618;1,3;22;0,34;3,6;Multiguna;Tetap;Ya;Risiko Sedang
BNK0302;32;12,8;84,6;90,8;782;1,4;19;0,30;2,2;Multiguna;Tetap;Tidak;Risiko Sedang
BNK0303;34;17,5;139,6;0;811;0,2;22;0,09;9;Konsumtif;Kontrak;Tidak;Risiko Rendah
BNK0304;54;12,5;146;44;801;2,8;21;0,23;5,7;Produktif;Tetap;Ya;Risiko Rendah
BNK0305;39;18,4;147,8;29,5;746;0,1;27;0,23;7,7;Konsumtif;Tetap;Ya;Risiko Rendah
BNK0306;58;9,3;83,5;83,5;681;1,3;9;0,37;7,4;Produktif;Tetap;Tidak;Risiko Sedang
BNK0307;42;2;0;124,8;604;6,9;14;0,57;0,3;Konsumtif;Wiraswasta;Ya;Risiko Tinggi
BNK0308;42;4,3;46,7;241,9;544;6,4;21;0,45;0,2;Konsumtif;Tetap;Ya;Risiko Tinggi
BNK0309;43;23,2;96,1;0;717;0;25;0,35;10,7;Multiguna;Tetap;Ya;Risiko Rendah
BNK0310;32;17,8;104,2;119,8;665;2,7;18;0,35;7,8;Produktif;Tetap;Ya;Risiko Sedang
BNK0311;38;10,4;63,4;95,2;659;1,2;24;0,37;5,8;Konsumtif;Tetap;Ya;Risiko Sedang
BNK0312;46;16,8;174,1;74,7;745;0,4;42;0,17;13,3;Konsumtif;Tetap;Tidak;Risiko Rendah
BNK0313;34;11,3;231;20,5;729;1;22;0,41;8,5;Produktif;Tetap;Ya;Risiko Rendah
BNK0314;37;16,8;99,7;47,7;783;0,5;24;0,15;7,1;Produktif;Tetap;Tidak;Risiko Rendah
BNK0315;28;6,7;57,7;105,7;580;4,3;3;0,51;3,4;Produktif;Kontrak;Ya;Risiko Tinggi
BNK0316;46;12,5;143;44,4;798;2,2;27;0,18;8,7;Produktif;Tetap;Ya;Risiko Rendah
BNK0317;33;3;106,2;110,4;751;2,3;32;0,37;8,3;Konsumtif;Tetap;Ya;Risiko Sedang
BNK0318;24;9,5;98,8;93,5;516;2,4;18;0,42;3,6;Konsumtif;Tetap;Tidak;Risiko Sedang
BNK0319;37;11;56;89;708;3,8;17;0,41;6,1;Produktif;Tetap;Ya;Risiko Sedang
BNK0320;35;5,2;90,4;130;695;0,1;24;0,34;1,5;Multiguna;Tetap;Ya;Risiko Sedang
BNK0321;48;19;121,8;89,6;802;0,5;21;0,17;4,2;Konsumtif;Tetap;Ya;Risiko Rendah
BNK0322;24;11,8;26,7;115,1;536;6,7;4;0,62;3,1;Konsumtif;Kontrak;Ya;Risiko Tinggi
BNK0323;48;5,3;68,1;97,8;640;4,7;9;0,50;0,2;Konsumtif;Wiraswasta;Tidak;Risiko Tinggi
BNK0324;42;20,2;166,3;82,8;784;1,8;27;0,24;10,6;Konsumtif;Tetap;Ya;Risiko Rendah
BNK0325;25;14,2;41,6;109,1;576;2,7;23;0,34;5,2;Konsumtif;Kontrak;Tidak;Risiko Sedang
BNK0326;21;12,9;173,3;57,5;840;1,1;27;0,22;7,4;Produktif;Kontrak;Ya;Risiko Rendah
BNK0327;47;17;156,5;34,8;795;1,8;20;0,35;5,6;Konsumtif;Tetap;Tidak;Risiko Rendah
BNK0328;33;11,6;89,1;163,3;521;4,3;6;0,58;0,2;Konsumtif;Wiraswasta;Tidak;Risiko Tinggi
BNK0329;21;4,9;30,4;112,2;459;3,8;14;0,64;0,2;Multiguna;Tetap;Ya;Risiko Tinggi
BNK0330;25;21,7;113,2;77,4;763;2;25;0,24;5,9;Multiguna;Tetap;Ya;Risiko Rendah
BNK0331;37;14,8;34,1;77,5;686;2,6;18;0,42;2,9;Multiguna;Kontrak;Tidak;Risiko Sedang
BNK0332;38;22,4;193,7;97,4;790;0;23;0,31;8,9;Produktif;Tetap;Ya;Risiko Rendah
BNK0333;42;21;220,9;75,8;710;1,1;27;0,02;6,7;Multiguna;Tetap;Ya;Risiko Rendah
BNK0334;40;14,2;97,7;113,1;685;0,4;11;0,45;4,2;Multiguna;Kontrak;Tidak;Risiko Sedang
BNK0335;36;11,9;85,4;64,7;588;1,4;28;0,44;6,5;Konsumtif;Kontrak;Tidak;Risiko Sedang
BNK0336;34;9,7;124,9;43,6;748;2,5;22;0,36;2;Konsumtif;Tetap;Tidak;Risiko Sedang
BNK0337;33;21,5;191,7;8,8;850;1,1;18;0,26;2,6;Multiguna;Kontrak;Tidak;Risiko Rendah
BNK0338;37;12,9;32;85;543;2,6;18;0,45;4,7;Produktif;Kontrak;Ya;Risiko Sedang
BNK0339;30;14,2;169,5;34,7;725;1,8;24;0,13;6,1;Konsumtif;Tetap;Tidak;Risiko Rendah
BNK0340;25;15,2;120,2;0;738;0;24;0,31;6,1;Produktif;Wiraswasta;Ya;Risiko Rendah
BNK0341;27;18,8;67,6;54,5;775;1,5;20;0,38;6,4;Produktif;Tetap;Tidak;Risiko Sedang
BNK0342;35;15,3;125,1;18,7;756;0;7;0,16;1,6;Produktif;Tetap;Tidak;Risiko Rendah
BNK0343;46;16,3;107,3;0;789;0;21;0,18;15,5;Multiguna;Tetap;Ya;Risiko Rendah
BNK0344;37;10,8;158,3;56,1;624;0;28;0,11;8,4;Konsumtif;Tetap;Tidak;Risiko Rendah
BNK0345;24;8,4;132;107,9;565;7;10;0,62;0,7;Multiguna;Kontrak;Ya;Risiko Tinggi
BNK0346;41;23,2;126,2;39,8;850;0;31;0,17;10,4;Multiguna;Tetap;Tidak;Risiko Rendah
BNK0347;39;7,5;139,3;58,5;575;4,1;24;0,40;5,5;Konsumtif;Kontrak;Ya;Risiko Sedang
BNK0348;33;13,3;166;52,4;676;0,9;29;0,19;11,1;Multiguna;Kontrak;Tidak;Risiko Rendah
BNK0349;23;13,8;52,8;100,4;633;1,2;12;0,44;5,9;Konsumtif;Tetap;Tidak;Risiko Sedang
BNK0350;45;16,6;95,6;0;816;0;25;0,18;9,2;Multiguna;Tetap;Tidak;Risiko Rendah
BNK0351;39;15,5;78,6;71,5;667;2,1;15;0,42;5,1;Multiguna;Kontrak;Ya;Risiko Sedang
BNK0352;36;19;146;15,3;654;0,7;33;0,21;6;Produktif;Kontrak;Ya;Risiko Rendah
BNK0353;43;8,9;22,8;155,2;473;5,3;17;0,60;0,2;Konsumtif;Wiraswasta;Ya;Risiko Tinggi
BNK0354;28;13,6;41,7;83,8;652;2,6;9;0,40;6,8;Konsumtif;Kontrak;Ya;Risiko Sedang
BNK0355;37;12,6;183,6;40,8;715;0;22;0,16;10,6;Multiguna;Tetap;Ya;Risiko Rendah
BNK0356;48;13,1;127,9;108,1;677;0;13;0,42;6;Konsumtif;Kontrak;Ya;Risiko Sedang
BNK0357;20;6,2;32,6;85;570;5,4;18;0,63;3,5;Konsumtif;Wiraswasta;Tidak;Risiko Tinggi
BNK0358;31;14,2;135,2;53,3;773;1,5;15;0,37;4,5;Konsumtif;Kontrak;Ya;Risiko Sedang
BNK0359;18;15,7;11,8;97,2;531;5,1;19;0,66;4,8;Multiguna;Tetap;Ya;Risiko Tinggi
BNK0360;47;9,5;95,2;87,9;616;2,4;24;0,33;5,5;Produktif;Tetap;Tidak;Risiko Sedang
BNK0361;35;14,2;63,1;61,2;639;2,8;23;0,30;0,9;Konsumtif;Tetap;Tidak;Risiko Sedang
BNK0362;36;12;48,4;46,3;701;3,7;17;0,43;5,8;Produktif;Tetap;Ya;Risiko Sedang
BNK0363;18;9,5;92,8;113,4;756;3,1;26;0,29;4,6;Konsumtif;Tetap;Tidak;Risiko Sedang
BNK0364;30;23,4;155,9;52,8;772;2,3;25;0,26;10,2;Multiguna;Kontrak;Tidak;Risiko Rendah
BNK0365;28;11,2;39,8;135,7;589;5,6;13;0,44;2,6;Produktif;Wiraswasta;Tidak;Risiko Tinggi
BNK0366;52;24,8;174,6;55,7;791;0;23;0,20;10,4;Produktif;Tetap;Ya;Risiko Rendah
BNK0367;18;14,9;114,5;78,1;848;3,1;33;0,33;3,7;Konsumtif;Tetap;Ya;Risiko Sedang
BNK0368;34;6,8;111,9;109,4;641;3;26;0,35;5,5;Konsumtif;Tetap;Tidak;Risiko Sedang
BNK0369;56;12,2;50,2;40,9;644;0,8;31;0,48;7,8;Produktif;Kontrak;Tidak;Risiko Sedang
BNK0370;41;20,1;134,6;56,3;848;3,3;34;0,26;8;Produktif;Tetap;Tidak;Risiko Rendah
BNK0371;39;15,9;143,3;59,2;743;1,6;20;0,23;4,5;Produktif;Tetap;Tidak;Risiko Rendah
BNK0372;32;8,6;83,1;67,7;760;0,8;20;0,42;3,2;Multiguna;Kontrak;Ya;Risiko Sedang
BNK0373;29;9,8;184,8;24,2;814;2,7;24;0,18;10,5;Produktif;Tetap;Ya;Risiko Rendah
BNK0374;32;7,3;108,7;49,7;666;0;18;0,31;6,3;Multiguna;Tetap;Tidak;Risiko Sedang
BNK0375;34;10,6;82,9;89;692;1;30;0,37;3,4;Multiguna;Kontrak;Tidak;Risiko Sedang
BNK0376;46;12,5;129,2;23,2;837;0;19;0,13;6;Konsumtif;Kontrak;Tidak;Risiko Rendah
BNK0377;40;21,2;191,6;37,4;737;0;37;0,19;5,9;Produktif;Kontrak;Tidak;Risiko Rendah
BNK0378;60;14,9;150,9;100,9;788;0,7;25;0,26;10,5;Multiguna;Tetap;Ya;Risiko Rendah
BNK0379;44;21,7;107,9;70,3;820;0,1;31;0,04;8,9;Produktif;Kontrak;Tidak;Risiko Rendah
BNK0380;40;20,3;95;9,9;798;0;31;0,18;10,2;Produktif;Tetap;Tidak;Risiko Rendah
BNK0381;44;21,7;164,4;18,5;785;2,1;12;0,16;10,8;Produktif;Tetap;Ya;Risiko Rendah
BNK0382;46;13,3;58,5;27;632;0,9;14;0,32;5;Multiguna;Tetap;Ya;Risiko Sedang
BNK0383;37;11,3;26,4;142;367;4,5;4;0,67;0,2;Konsumtif;Tetap;Ya;Risiko Tinggi
BNK0384;30;2;0;84,7;539;4;10;0,62;3,7;Produktif;Tetap;Tidak;Risiko Tinggi
BNK0385;36;17;64,5;73,1;576;2,1;13;0,30;5,7;Multiguna;Tetap;Ya;Risiko Sedang
BNK0386;45;16,8;239;0;714;0;25;0,25;10,3;Multiguna;Kontrak;Ya;Risiko Rendah
BNK0387;40;15,9;187,3;35,9;806;0;24;0,29;7,7;Produktif;Tetap;Ya;Risiko Rendah
BNK0388;30;5;47,7;108,8;446;6,1;15;0,55;1,4;Konsumtif;Wiraswasta;Tidak;Risiko Tinggi
BNK0389;18;7;0;138,8;483;6,3;11;0,63;4,9;Konsumtif;Tetap;Ya;Risiko Tinggi
BNK0390;39;11;149,4;43,4;719;0,5;38;0,18;6,6;Multiguna;Tetap;Ya;Risiko Rendah
BNK0391;43;2,9;30,4;44,7;478;5,5;11;0,57;0,2;Konsumtif;Tetap;Tidak;Risiko Tinggi
BNK0392;46;8,3;86,4;63,1;689;2,9;34;0,34;6,4;Multiguna;Tetap;Tidak;Risiko Sedang
BNK0393;27;19,2;138;58,2;809;1,6;31;0,29;8,1;Konsumtif;Tetap;Ya;Risiko Rendah
BNK0394;43;6,3;55;31,7;745;4,9;15;0,28;5,5;Konsumtif;Tetap;Ya;Risiko Sedang
BNK0395;27;11,9;130;68;627;0;20;0,38;6,1;Konsumtif;Wiraswasta;Tidak;Risiko Sedang
BNK0396;39;8,4;22,8;110,6;548;5;8;0,53;3,4;Produktif;Wiraswasta;Tidak;Risiko Tinggi
BNK0397;39;14,9;20,6;104,2;460;4,4;5;0,52;3,5;Produktif;Kontrak;Tidak;Risiko Tinggi
BNK0398;29;14,1;28,7;136,1;549;7,5;10;0,48;2,2;Konsumtif;Kontrak;Ya;Risiko Tinggi
BNK0399;48;16;58,6;112,4;612;0,8;21;0,39;5,5;Multiguna;Tetap;Tidak;Risiko Sedang
BNK0400;22;6,7;52,3;127,1;603;3,8;2;0,54;3,9;Konsumtif;Wiraswasta;Ya;Risiko Tinggi
BNK0401;46;15,5;181,5;2,7;850;0,2;21;0,13;9,9;Multiguna;Tetap;Ya;Risiko Rendah
BNK0402;25;11,3;38;145,8;555;2,6;1;0,66;4,2;Konsumtif;Kontrak;Tidak;Risiko Tinggi
BNK0403;29;17,8;196;14,6;740;0;40;0,04;5,2;Konsumtif;Tetap;Ya;Risiko Rendah
BNK0404;47;12,1;64,5;81,1;655;2,3;13;0,30;5;Produktif;Tetap;Tidak;Risiko Sedang
BNK0405;22;7,5;77,1;167,8;578;6,1;8;0,56;1,5;Konsumtif;Kontrak;Ya;Risiko Tinggi
BNK0406;33;14,7;46;65,4;717;3,7;23;0,20;6,1;Produktif;Tetap;Tidak;Risiko Sedang
BNK0407;37;19,1;189,6;45;739;1,4;24;0,11;5,4;Produktif;Tetap;Ya;Risiko Rendah
BNK0408;37;17,3;155,3;73,8;719;0;28;0,11;7,6;Konsumtif;Tetap;Tidak;Risiko Rendah
BNK0409;24;7,8;84,1;74,8;596;1,9;21;0,47;7,9;Konsumtif;Tetap;Tidak;Risiko Sedang
BNK0410;44;22,9;167;50;820;0;24;0,25;8,7;Produktif;Tetap;Ya;Risiko Rendah
BNK0411;32;5,9;3,8;143,1;532;5,2;15;0,61;5,6;Multiguna;Wiraswasta;Ya;Risiko Tinggi
BNK0412;46;14,9;154,7;37,2;753;2,3;26;0,19;9,9;Multiguna;Tetap;Tidak;Risiko Rendah
BNK0413;52;19,5;125,4;30,7;727;0;30;0,31;12,4;Multiguna;Tetap;Ya;Risiko Rendah
BNK0414;32;21,9;142,4;56,1;774;0;39;0,11;9,7;Konsumtif;Tetap;Tidak;Risiko Rendah
BNK0415;61;19,5;113,2;43,3;731;0,6;24;0,19;9;Konsumtif;Kontrak;Ya;Risiko Rendah
BNK0416;32;8,5;42,5;189,7;482;4,4;11;0,72;0,2;Konsumtif;Kontrak;Tidak;Risiko Tinggi
BNK0417;19;15,6;200,4;12;806;0;23;0,32;10,6;Multiguna;Tetap;Ya;Risiko Rendah
BNK0418;28;7;92,3;96,3;720;1,7;26;0,39;6,9;Konsumtif;Kontrak;Ya;Risiko Sedang
BNK0419;48;14,6;134;28,7;831;0;23;0,26;6,9;Konsumtif;Tetap;Tidak;Risiko Rendah
BNK0420;31;13,1;37,2;82,4;732;4,4;15;0,41;2,6;Konsumtif;Tetap;Ya;Risiko Sedang
BNK0421;36;14;27,8;80,7;600;3;36;0,22;4,1;Multiguna;Kontrak;Ya;Risiko Sedang
BNK0422;31;9,3;93;117,6;644;2,7;17;0,41;5,6;Konsumtif;Tetap;Tidak;Risiko Sedang
BNK0423;44;4,9;117,8;46,7;611;0,5;14;0,33;4,4;Konsumtif;Wiraswasta;Tidak;Risiko Sedang
BNK0424;42;20,7;118,7;74,4;684;0;32;0,05;9,2;Konsumtif;Tetap;Ya;Risiko Rendah
BNK0425;24;5,9;4,6;118,5;520;3,8;22;0,57;8,6;Konsumtif;Wiraswasta;Ya;Risiko Tinggi
BNK0426;37;21,2;152,5;3,1;781;1,2;24;0,13;9,4;Produktif;Tetap;Tidak;Risiko Rendah
BNK0427;39;7,4;81,2;79,7;553;7,5;12;0,57;2,4;Multiguna;Wiraswasta;Tidak;Risiko Tinggi
BNK0428;29;15,2;76,2;91,9;795;2,3;11;0,27;6;Konsumtif;Kontrak;Ya;Risiko Sedang
BNK0429;68;19,6;127,7;29,2;725;1,8;24;0,26;10,1;Produktif;Kontrak;Ya;Risiko Rendah
BNK0430;18;2;66;148,1;653;5,1;14;0,55;1,7;Konsumtif;Kontrak;Ya;Risiko Tinggi
BNK0431;18;7,4;2;89,4;559;4,4;2;0,39;5,6;Konsumtif;Tetap;Tidak;Risiko Tinggi
BNK0432;48;17;69,9;46,6;690;0;34;0,12;7,8;Produktif;Tetap;Tidak;Risiko Rendah
BNK0433;32;10,2;69,9;109,9;665;2,8;18;0,38;5;Konsumtif;Tetap;Ya;Risiko Sedang
BNK0434;19;13,1;68,4;42,1;623;2,5;23;0,25;0,2;Multiguna;Kontrak;Ya;Risiko Sedang
BNK0435;28;14,9;65;26,1;597;1,6;14;0,29;1,8;Produktif;Tetap;Ya;Risiko Sedang
BNK0436;41;9,7;83,6;128,6;666;0;5;0,38;2,1;Konsumtif;Tetap;Tidak;Risiko Sedang
BNK0437;20;16;75,4;21,5;716;0,5;29;0,25;7,8;Produktif;Wiraswasta;Ya;Risiko Rendah
BNK0438;39;19,1;190,9;32,1;850;3,1;33;0,22;6,6;Produktif;Tetap;Ya;Risiko Rendah
BNK0439;18;15,1;67,7;37,8;608;1,9;9;0,51;6,2;Produktif;Kontrak;Ya;Risiko Sedang
BNK0440;24;11,7;105,7;125,8;636;3,2;25;0,13;8,7;Produktif;Kontrak;Tidak;Risiko Sedang
BNK0441;34;12,9;5,5;122,1;561;6,6;1;0,66;4,2;Konsumtif;Wiraswasta;Tidak;Risiko Tinggi
BNK0442;42;6,1;18,1;65,6;651;5;26;0,52;5;Konsumtif;Tetap;Ya;Risiko Sedang
BNK0443;32;20,8;133,7;16,8;732;0;32;0,24;8,7;Konsumtif;Tetap;Ya;Risiko Rendah
BNK0444;21;7,1;7,3;106,1;559;6,6;13;0,65;0,2;Multiguna;Kontrak;Tidak;Risiko Tinggi
BNK0445;35;6,3;23,9;53,1;623;6,3;5;0,38;0,2;Konsumtif;Kontrak;Ya;Risiko Tinggi
BNK0446;52;8,6;67,7;34,5;593;3,2;24;0,39;4,5;Konsumtif;Tetap;Tidak;Risiko Sedang
BNK0447;61;23,9;148,7;0;846;0;29;0,23;5,4;Produktif;Tetap;Ya;Risiko Rendah
BNK0448;36;4,4;54,2;43,9;724;5,1;11;0,46;12,8;Konsumtif;Kontrak;Ya;Risiko Sedang
BNK0449;31;5,5;60,9;131,2;630;4,7;11;0,60;0,2;Multiguna;Kontrak;Tidak;Risiko Tinggi
BNK0450;36;19,9;127;0;756;0,8;24;0,09;7,1;Produktif;Kontrak;Ya;Risiko Rendah
BNK0451;39;7,6;49,6;64,7;690;0,9;7;0,37;3,4;Konsumtif;Wiraswasta;Ya;Risiko Sedang
BNK0452;38;15,2;132,9;99,1;659;3,5;22;0,41;6,9;Konsumtif;Kontrak;Ya;Risiko Sedang
BNK0453;44;19,3;162,8;84,5;731;0,6;19;0,41;5,7;Konsumtif;Kontrak;Ya;Risiko Rendah
BNK0454;37;19,9;33,7;104,7;609;4,1;21;0,53;2,8;Produktif;Tetap;Ya;Risiko Sedang
BNK0455;19;8,8;39,3;74,3;544;3,4;6;0,50;1,6;Multiguna;Kontrak;Tidak;Risiko Tinggi
BNK0456;21;7,9;148,3;109,6;597;0;19;0,25;5,3;Produktif;Tetap;Tidak;Risiko Sedang
BNK0457;20;18,9;134,8;0;748;2,3;28;0,27;8,2;Konsumtif;Kontrak;Ya;Risiko Rendah
BNK0458;37;15,4;122,2;21,8;728;2,4;25;0,46;3,6;Konsumtif;Kontrak;Tidak;Risiko Sedang
BNK0459;18;12,3;0;175,3;564;7,9;13;0,60;1,9;Konsumtif;Tetap;Tidak;Risiko Tinggi
BNK0460;46;17,1;142,7;11,9;741;2,3;32;0,35;6,5;Produktif;Kontrak;Ya;Risiko Rendah
BNK0461;38;12;120,6;0;798;0,9;25;0,25;3,1;Konsumtif;Kontrak;Ya;Risiko Rendah
BNK0462;41;9,1;104,3;92,8;574;2,4;13;0,49;3,8;Konsumtif;Tetap;Tidak;Risiko Sedang
BNK0463;31;11,3;49,2;131,3;698;2,5;23;0,39;6,1;Konsumtif;Wiraswasta;Tidak;Risiko Sedang
BNK0464;28;7,2;0;120,8;533;4;24;0,78;2,3;Produktif;Wiraswasta;Tidak;Risiko Tinggi
BNK0465;32;11,4;116,2;77,6;520;2,2;19;0,44;3,5;Produktif;Tetap;Ya;Risiko Sedang
BNK0466;25;4;82,7;146,2;586;4,9;9;0,58;3;Multiguna;Tetap;Tidak;Risiko Tinggi
BNK0467;44;12,3;60,6;126,1;695;2,5;13;0,25;5,1;Produktif;Tetap;Tidak;Risiko Sedang
BNK0468;38;15,8;121,9;0;815;1,2;21;0,29;7,9;Konsumtif;Tetap;Ya;Risiko Rendah
BNK0469;24;17,9;93,5;98,4;601;1,3;16;0,43;2,2;Konsumtif;Tetap;Tidak;Risiko Sedang
BNK0470;52;18,3;173,6;43,2;816;0;35;0,17;10,3;Produktif;Kontrak;Ya;Risiko Rendah
BNK0471;28;7,1;33,5;106,6;587;4,8;14;0,56;4,4;Multiguna;Kontrak;Ya;Risiko Tinggi
BNK0472;39;20,7;119,7;58,9;771;2,4;31;0,38;8,2;Produktif;Kontrak;Ya;Risiko Rendah
BNK0473;54;12,3;187,5;30,1;784;2;19;0,15;9,8;Produktif;Tetap;Ya;Risiko Rendah
BNK0474;37;9,1;113,6;62;676;2,5;28;0,44;5,5;Konsumtif;Wiraswasta;Tidak;Risiko Sedang
BNK0475;44;18,5;140,9;17,2;786;0;25;0,20;6,7;Produktif;Wiraswasta;Ya;Risiko Rendah
BNK0476;35;5,3;85,4;69,9;704;0,4;29;0,42;3,6;Produktif;Tetap;Tidak;Risiko Sedang
BNK0477;31;20,9;138,4;38,2;847;2,7;26;0,23;9,6;Produktif;Tetap;Ya;Risiko Rendah
BNK0478;46;18,3;146,2;49;846;0,7;21;0,20;8,9;Konsumtif;Tetap;Ya;Risiko Rendah
BNK0479;24;9,5;85;57,1;641;3,7;9;0,33;3,3;Konsumtif;Kontrak;Ya;Risiko Sedang
BNK0480;46;3,2;0;159,7;565;2,8;9;0,51;0,7;Konsumtif;Tetap;Ya;Risiko Tinggi
BNK0481;40;19,5;138,6;48,7;725;1,7;21;0,19;10,4;Produktif;Tetap;Tidak;Risiko Rendah
BNK0482;44;21,3;225,4;0;838;0;30;0,13;5,8;Konsumtif;Tetap;Ya;Risiko Rendah
BNK0483;39;12,5;52,7;63,4;617;3,8;6;0,28;6,2;Konsumtif;Tetap;Ya;Risiko Sedang
BNK0484;32;12;90,8;57,3;635;4,2;5;0,28;7,4;Produktif;Wiraswasta;Ya;Risiko Sedang
BNK0485;34;8,9;73;71,6;684;2,3;20;0,44;7,8;Konsumtif;Tetap;Tidak;Risiko Sedang
BNK0486;31;13;28,2;117,2;646;1,5;13;0,22;10,7;Multiguna;Tetap;Tidak;Risiko Sedang
BNK0487;30;16,7;148,3;85,8;786;0,8;34;0,13;8,1;Produktif;Tetap;Ya;Risiko Rendah
BNK0488;41;7,7;40,9;137,4;639;4,1;14;0,50;1,8;Produktif;Tetap;Ya;Risiko Sedang
BNK0489;22;5,3;87,2;73,3;689;3,7;27;0,34;0,2;Konsumtif;Tetap;Ya;Risiko Sedang
BNK0490;55;18,8;116,7;42,2;723;0,4;28;0,36;9,8;Produktif;Tetap;Tidak;Risiko Rendah
BNK0491;46;11,1;74,3;118,5;587;1,1;17;0,45;9,8;Konsumtif;Tetap;Ya;Risiko Sedang
BNK0492;22;5,1;0;136,9;525;6,3;18;0,83;5,9;Multiguna;Wiraswasta;Tidak;Risiko Tinggi
BNK0493;34;13;98,2;33,7;618;0,6;24;0,28;2,2;Konsumtif;Kontrak;Ya;Risiko Sedang
BNK0494;46;20,9;164,5;30,8;752;0;24;0,35;11,2;Konsumtif;Tetap;Ya;Risiko Rendah
BNK0495;25;12,7;62,9;90,6;535;6,2;14;0,45;2,1;Konsumtif;Kontrak;Tidak;Risiko Tinggi
BNK0496;26;13;38,7;93,6;688;1,8;20;0,44;6;Konsumtif;Kontrak;Ya;Risiko Sedang
BNK0497;37;16,4;152,2;41;846;0;28;0,18;11;Produktif;Wiraswasta;Tidak;Risiko Rendah
BNK0498;41;18,2;116,2;18,8;717;3,3;18;0,17;10,4;Konsumtif;Tetap;Tidak;Risiko Rendah
BNK0499;38;24,3;133,5;36,4;760;0,2;27;0,31;9,5;Produktif;Tetap;Ya;Risiko Rendah
BNK0500;46;11,1;75,3;45,8;714;3,1;19;0,40;2;Multiguna;Tetap;Ya;Risiko Sedang
BNK0501;58;9,9;34,3;96,8;700;0,7;24;0,32;3,3;Produktif;Kontrak;Tidak;Risiko Sedang
BNK0502;46;23,9;114,6;32,7;821;0,1;23;0,26;12,8;Produktif;Tetap;Ya;Risiko Rendah
BNK0503;34;13,5;122,8;143,9;664;1,5;25;0,52;4,3;Konsumtif;Tetap;Ya;Risiko Sedang
BNK0504;32;9,1;0;143;564;5,4;16;0,62;1,3;Konsumtif;Tetap;Ya;Risiko Tinggi
BNK0505;57;17,2;146,9;86;821;4,3;27;0,34;6,6;Konsumtif;Kontrak;Tidak;Risiko Rendah
BNK0506;36;3,6;134,5;74,7;733;2,6;20;0,49;6,1;Produktif;Kontrak;Ya;Risiko Sedang
BNK0507;18;11,2;48,6;86,4;713;0,2;22;0,29;5,8;Konsumtif;Tetap;Ya;Risiko Sedang
BNK0508;40;7;76,2;111,7;499;3,4;23;0,61;1,2;Multiguna;Kontrak;Tidak;Risiko Tinggi
BNK0509;38;13,3;99;62,1;635;0;21;0,32;6,2;Produktif;Kontrak;Ya;Risiko Sedang
BNK0510;45;5,4;47,1;56;634;3;21;0,36;3,6;Produktif;Tetap;Ya;Risiko Sedang
BNK0511;22;2,5;32,6;125,7;617;6,1;6;0,64;0,2;Konsumtif;Kontrak;Ya;Risiko Tinggi
BNK0512;32;2,3;62,7;59,4;524;5,3;6;0,61;0,2;Konsumtif;Tetap;Tidak;Risiko Tinggi
BNK0513;34;14,5;21;76,7;665;4,8;19;0,21;1,1;Konsumtif;Wiraswasta;Ya;Risiko Sedang
BNK0514;24;19;198,3;51,5;811;0;26;0,21;7,7;Konsumtif;Tetap;Ya;Risiko Rendah
BNK0515;42;19,2;147,1;22,3;729;3,3;30;0,27;7,5;Multiguna;Tetap;Ya;Risiko Rendah
BNK0516;39;18,6;145,3;58,2;747;0;23;0,25;7,8;Konsumtif;Kontrak;Tidak;Risiko Rendah
BNK0517;26;4,4;18,3;91,5;513;5,2;12;0,46;2,8;Multiguna;Wiraswasta;Tidak;Risiko Tinggi
BNK0518;43;15,6;102,3;72,8;676;4,1;19;0,36;7,4;Konsumtif;Tetap;Tidak;Risiko Sedang
BNK0519;23;7,2;101,9;108,7;661;0,5;15;0,33;7,3;Konsumtif;Wiraswasta;Ya;Risiko Sedang
BNK0520;45;20,4;159,4;0;817;0,8;34;0,18;9,4;Konsumtif;Tetap;Tidak;Risiko Rendah
BNK0521;43;8,2;76,7;74,1;746;3,1;16;0,41;4;Konsumtif;Kontrak;Ya;Risiko Sedang
BNK0522;38;3,9;101,5;106,9;725;1,6;17;0,44;2;Produktif;Tetap;Ya;Risiko Sedang
BNK0523;39;7,7;89,4;142,8;590;4,1;21;0,47;2,3;Konsumtif;Wiraswasta;Ya;Risiko Tinggi
BNK0524;27;2,8;90,3;97,5;534;4,8;11;0,66;2;Konsumtif;Kontrak;Tidak;Risiko Tinggi
BNK0525;43;16,3;160,3;34,5;760;0,9;21;0,28;5;Multiguna;Tetap;Tidak;Risiko Rendah
BNK0526;27;5,1;23,6;111,6;531;4;2;0,49;2,3;Konsumtif;Tetap;Ya;Risiko Tinggi
BNK0527;20;8;73,3;109,3;758;1,6;24;0,43;6,4;Multiguna;Tetap;Ya;Risiko Sedang
BNK0528;40;16,7;149,9;24;680;0,2;17;0,29;8,6;Multiguna;Tetap;Ya;Risiko Rendah
BNK0529;40;5;60,1;155,7;568;7,6;1;0,57;3;Konsumtif;Kontrak;Tidak;Risiko Tinggi
BNK0530;49;14;57,9;101,5;676;1,4;17;0,38;5,1;Multiguna;Tetap;Tidak;Risiko Sedang
BNK0531;25;4,5;35,3;94,9;580;6,5;8;0,52;0,5;Produktif;Kontrak;Tidak;Risiko Tinggi
BNK0532;28;8,5;39,4;132,7;512;4,4;13;0,69;4,7;Konsumtif;Kontrak;Ya;Risiko Tinggi
BNK0533;38;12,7;68,4;32;721;0,4;29;0,45;2,5;Konsumtif;Tetap;Tidak;Risiko Sedang
BNK0534;33;16,7;179,6;48,9;796;0;22;0,34;8,4;Multiguna;Tetap;Tidak;Risiko Rendah
BNK0535;31;4,9;23,9;139;558;4,3;6;0,50;3,8;Produktif;Wiraswasta;Tidak;Risiko Tinggi
BNK0536;42;19,5;89,2;57,8;850;1,7;24;0,16;8,7;Produktif;Tetap;Ya;Risiko Rendah
BNK0537;30;10,5;107,3;83,9;679;3,2;14;0,37;3,5;Konsumtif;Tetap;Ya;Risiko Sedang
BNK0538;36;8,7;118,3;107,3;688;1,5;13;0,38;4;Multiguna;Wiraswasta;Ya;Risiko Sedang
BNK0539;35;6,3;11,9;93;593;6;24;0,54;2,2;Konsumtif;Wiraswasta;Tidak;Risiko Tinggi
BNK0540;28;6,2;0;122,8;619;6,5;20;0,58;1,9;Konsumtif;Wiraswasta;Ya;Risiko Tinggi
BNK0541;49;12,6;149,1;44,5;672;0,3;20;0,21;8,5;Konsumtif;Tetap;Tidak;Risiko Rendah
BNK0542;30;6,7;56,6;82,4;705;2,8;23;0,28;5,3;Konsumtif;Tetap;Tidak;Risiko Sedang
BNK0543;46;16,1;154,5;13,3;831;1,3;33;0,21;8,9;Produktif;Tetap;Ya;Risiko Rendah
BNK0544;45;2;4,2;137,4;508;4,2;13;0,53;4;Produktif;Wiraswasta;Ya;Risiko Tinggi
BNK0545;30;7;83,2;76;650;1,9;19;0,45;5,9;Konsumtif;Kontrak;Ya;Risiko Sedang
BNK0546;43;29,8;156;38,6;844;0,2;37;0,21;8,3;Produktif;Tetap;Ya;Risiko Rendah
BNK0547;26;13,7;63,1;112,2;768;0,1;28;0,31;2,6;Konsumtif;Tetap;Ya;Risiko Sedang
BNK0548;25;9,8;42,1;77,7;591;0,1;17;0,45;2,3;Produktif;Kontrak;Tidak;Risiko Sedang
BNK0549;26;23,6;196,1;18,5;742;0;23;0,08;7,1;Konsumtif;Tetap;Ya;Risiko Rendah
BNK0550;44;7,8;62,4;100,1;753;0;14;0,36;7,6;Konsumtif;Wiraswasta;Tidak;Risiko Sedang
BNK0551;49;5,3;31,4;35,7;658;2,7;15;0,65;4,4;Konsumtif;Wiraswasta;Ya;Risiko Tinggi
BNK0552;36;14,2;139,3;0;681;0,1;32;0,19;8,1;Produktif;Tetap;Ya;Risiko Rendah
BNK0553;18;2;15;136,6;512;4,3;10;0,62;0,2;Konsumtif;Wiraswasta;Ya;Risiko Tinggi
BNK0554;55;10,8;108,9;45,7;606;0,4;24;0,43;6,2;Multiguna;Tetap;Ya;Risiko Sedang
BNK0555;35;10,3;41,4;181,7;568;4,9;8;0,62;3;Multiguna;Wiraswasta;Tidak;Risiko Tinggi
BNK0556;23;9,9;39,7;96,3;673;1,6;14;0,30;5,6;Produktif;Tetap;Ya;Risiko Sedang
BNK0557;37;19,9;193,5;44,8;809;1;20;0,25;5,6;Multiguna;Tetap;Ya;Risiko Rendah
BNK0558;44;21,3;138,6;0;737;0,1;23;0,23;10,5;Konsumtif;Tetap;Ya;Risiko Rendah
BNK0559;38;17,8;131,4;14,3;814;0,1;18;0,14;5,4;Multiguna;Wiraswasta;Tidak;Risiko Rendah
BNK0560;36;13,7;104,1;92,5;593;1,6;13;0,38;6,9;Produktif;Kontrak;Tidak;Risiko Sedang
BNK0561;21;10,7;41,3;103,9;612;6,9;3;0,51;1,9;Konsumtif;Kontrak;Ya;Risiko Tinggi
BNK0562;27;13,1;121,4;56,8;781;0;29;0,19;6,9;Konsumtif;Wiraswasta;Ya;Risiko Rendah
BNK0563;50;14,3;108,7;76,6;737;0,4;29;0,20;5,4;Produktif;Tetap;Tidak;Risiko Rendah
BNK0564;29;17,2;129,9;36,5;725;2;28;0,25;10,1;Konsumtif;Wiraswasta;Ya;Risiko Rendah
BNK0565;30;10,3;123,3;68,8;658;3,1;11;0,41;3,7;Multiguna;Kontrak;Ya;Risiko Sedang
BNK0566;46;16,3;147,6;19,9;750;2,3;19;0,12;7,9;Produktif;Kontrak;Ya;Risiko Rendah
BNK0567;38;8,4;38,5;129,4;564;4,8;1;0,66;0,2;Konsumtif;Tetap;Tidak;Risiko Tinggi
BNK0568;24;13,9;141,6;22;829;0;28;0,31;3,9;Produktif;Tetap;Tidak;Risiko Rendah
BNK0569;33;13,8;15,3;118,2;655;3,3;20;0,43;3,6;Multiguna;Tetap;Ya;Risiko Sedang
BNK0570;20;18,1;232,1;0;695;0,4;30;0,21;6,8;Konsumtif;Tetap;Tidak;Risiko Rendah
BNK0571;45;19,1;130;112,1;756;0;30;0,32;6,4;Konsumtif;Kontrak;Ya;Risiko Rendah
BNK0572;45;16,9;222,5;42,6;798;1,3;23;0,21;6,2;Multiguna;Tetap;Tidak;Risiko Rendah
BNK0573;52;16,7;195,2;51,5;826;3,1;21;0,15;5,6;Multiguna;Wiraswasta;Tidak;Risiko Rendah
BNK0574;40;9,9;114,3;60,6;651;3,1;24;0,27;2,2;Multiguna;Kontrak;Ya;Risiko Sedang
BNK0575;34;17,4;122,1;74,5;693;1,3;26;0,24;7,2;Multiguna;Tetap;Ya;Risiko Rendah
BNK0576;45;9,3;107,4;143,4;681;2,1;19;0,48;5,5;Konsumtif;Tetap;Ya;Risiko Sedang
BNK0577;41;5,5;54,6;94,7;615;0;19;0,38;1;Multiguna;Tetap;Tidak;Risiko Sedang
BNK0578;45;11,8;41,2;122,9;604;2;25;0,30;0,2;Produktif;Tetap;Tidak;Risiko Sedang
BNK0579;26;7,3;57,5;91,4;659;0;25;0,52;4,8;Konsumtif;Tetap;Tidak;Risiko Sedang
BNK0580;38;17,9;199,7;73,1;795;4;35;0,23;7,4;Konsumtif;Tetap;Ya;Risiko Rendah
BNK0581;41;8,1;0;117,1;557;6,4;11;0,53;0,2;Produktif;Kontrak;Tidak;Risiko Tinggi
BNK0582;45;10,7;4;194,5;618;6,8;19;0,57;1,8;Konsumtif;Kontrak;Ya;Risiko Tinggi
BNK0583;19;13,5;4,2;117,3;698;3,7;8;0,56;0,2;Produktif;Kontrak;Ya;Risiko Tinggi
BNK0584;51;16,8;134,4;2,7;756;1,5;23;0,18;8,2;Konsumtif;Kontrak;Tidak;Risiko Rendah
BNK0585;42;8,6;111,4;106,7;668;0,8;11;0,35;6,2;Produktif;Wiraswasta;Tidak;Risiko Sedang
BNK0586;49;8,4;140,3;130,5;606;1,9;21;0,29;6,3;Produktif;Kontrak;Tidak;Risiko Sedang
BNK0587;34;12,2;68,8;44,7;675;1,1;12;0,34;5,1;Konsumtif;Wiraswasta;Tidak;Risiko Sedang
BNK0588;42;9,2;61,1;95,7;515;4,3;17;0,58;4,6;Konsumtif;Kontrak;Tidak;Risiko Tinggi
BNK0589;38;6,3;77,9;47,8;596;0,4;24;0,28;4,4;Konsumtif;Wiraswasta;Ya;Risiko Sedang
BNK0590;36;10,6;68,5;47,7;694;2,8;20;0,40;4,6;Produktif;Kontrak;Ya;Risiko Sedang
BNK0591;42;5,4;98,6;114,7;527;4;16;0,58;4,5;Multiguna;Wiraswasta;Tidak;Risiko Tinggi
BNK0592;22;5,5;112,5;62,8;687;3,1;8;0,33;4,1;Multiguna;Kontrak;Tidak;Risiko Sedang
BNK0593;33;6,4;25,2;122,9;568;3;12;0,58;1,1;Konsumtif;Wiraswasta;Ya;Risiko Tinggi
BNK0594;42;8,6;88,3;67,8;626;0;29;0,39;8;Multiguna;Wiraswasta;Ya;Risiko Sedang
BNK0595;24;9,1;42,1;119,9;550;5,2;7;0,70;4;Konsumtif;Kontrak;Ya;Risiko Tinggi
BNK0596;40;13,1;84,6;79,4;654;2,2;22;0,34;7,5;Konsumtif;Tetap;Ya;Risiko Sedang
BNK0597;32;2;42,8;57,2;657;2,2;14;0,47;5,8;Konsumtif;Kontrak;Ya;Risiko Sedang
BNK0598;34;12,7;110,2;87,9;674;1,2;34;0,49;2,1;Konsumtif;Kontrak;Ya;Risiko Sedang
BNK0599;50;8,8;0;113;585;1,9;9;0,56;4,1;Konsumtif;Tetap;Ya;Risiko Tinggi
BNK0600;25;8,5;111,9;57;708;3,8;24;0,40;8,3;Produktif;Kontrak;Ya;Risiko Sedang
BNK0601;40;10,8;73,3;91;714;2,3;16;0,27;1,2;Konsumtif;Tetap;Ya;Risiko Sedang
BNK0602;44;4,2;68,8;48,5;739;0;3;0,32;7,2;Multiguna;Wiraswasta;Tidak;Risiko Sedang
BNK0603;51;2;46,5;152,7;535;5,4;12;0,55;3,5;Produktif;Kontrak;Ya;Risiko Tinggi
BNK0604;18;14,5;100,7;68,9;610;3,2;26;0,33;7,2;Konsumtif;Kontrak;Ya;Risiko Sedang
BNK0605;25;2;64,3;134,1;475;2,7;7;0,55;2,6;Konsumtif;Kontrak;Ya;Risiko Tinggi
BNK0606;29;7,1;67,7;79,3;661;2,3;9;0,38;4;Konsumtif;Wiraswasta;Tidak;Risiko Sedang
BNK0607;28;7,9;7,5;106,4;521;5,4;8;0,58;4,4;Konsumtif;Wiraswasta;Ya;Risiko Tinggi
BNK0608;26;7,2;61,1;78,4;658;1,5;26;0,54;4;Produktif;Kontrak;Tidak;Risiko Sedang
BNK0609;39;3;39,2;92,2;581;3,7;23;0,31;5,9;Konsumtif;Kontrak;Ya;Risiko Sedang
BNK0610;40;10,2;89,8;101,6;753;0;29;0,32;5,5;Multiguna;Tetap;Ya;Risiko Sedang
BNK0611;36;13,8;108,3;52,8;822;0;23;0,39;8,1;Produktif;Tetap;Tidak;Risiko Rendah
BNK0612;22;12,1;82,5;107,9;673;2,1;8;0,50;3,4;Konsumtif;Kontrak;Ya;Risiko Sedang
BNK0613;36;14,7;28,1;54,3;745;2,9;31;0,30;4,8;Produktif;Kontrak;Tidak;Risiko Sedang
BNK0614;42;16,6;210,6;0;731;0;33;0,23;11,9;Produktif;Tetap;Ya;Risiko Rendah
BNK0615;25;7,5;54,4;135,8;502;2,9;11;0,49;3,2;Konsumtif;Kontrak;Tidak;Risiko Tinggi
BNK0616;44;21,7;158,9;49,5;850;1,4;30;0,19;7,1;Konsumtif;Tetap;Tidak;Risiko Rendah
BNK0617;43;5,9;0;113,3;682;3,2;12;0,54;0,2;Produktif;Tetap;Ya;Risiko Tinggi
BNK0618;18;12,1;73,4;82;719;2,5;20;0,37;9;Multiguna;Wiraswasta;Ya;Risiko Sedang
BNK0619;31;22,6;144,8;60,9;700;1,7;19;0,16;8,1;Multiguna;Tetap;Tidak;Risiko Rendah
BNK0620;18;18,5;106,6;33,1;819;0;21;0,21;6,8;Produktif;Tetap;Ya;Risiko Rendah
BNK0621;48;11,3;80;76,9;572;0;17;0,31;3,3;Produktif;Tetap;Ya;Risiko Sedang
BNK0622;49;24,8;156,3;60,1;850;0;22;0,22;9;Konsumtif;Kontrak;Ya;Risiko Rendah
BNK0623;29;14,7;160,1;39,2;786;0;30;0,34;13;Konsumtif;Kontrak;Ya;Risiko Rendah
BNK0624;35;10,2;31,2;68,9;635;1,2;12;0,45;5,5;Produktif;Wiraswasta;Tidak;Risiko Sedang
BNK0625;32;3,3;106,6;104,6;585;4,2;7;0,62;1,9;Produktif;Kontrak;Ya;Risiko Tinggi
BNK0626;36;26,5;137,3;38,5;814;0;30;0,12;8,4;Konsumtif;Tetap;Ya;Risiko Rendah
BNK0627;51;24,8;102,2;41,7;692;0;34;0,35;8,2;Konsumtif;Tetap;Ya;Risiko Rendah
BNK0628;35;16,2;55,6;85,7;675;3,6;18;0,32;5,1;Konsumtif;Tetap;Ya;Risiko Sedang
BNK0629;36;21,1;136,9;75,3;643;0,1;16;0,29;11,5;Konsumtif;Tetap;Ya;Risiko Rendah
BNK0630;34;14,7;57,3;69,5;631;1,3;11;0,38;6,2;Konsumtif;Tetap;Ya;Risiko Sedang
BNK0631;40;8,2;32,6;69;751;2;25;0,42;4,2;Konsumtif;Kontrak;Ya;Risiko Sedang
BNK0632;19;19,5;112,1;83,9;723;1,9;11;0,45;5,8;Konsumtif;Wiraswasta;Ya;Risiko Sedang
BNK0633;19;8,3;78,6;117,9;700;0;31;0,35;7,5;Konsumtif;Tetap;Tidak;Risiko Sedang
BNK0634;34;7,7;65;93,9;731;2,2;26;0,42;4,8;Produktif;Tetap;Tidak;Risiko Sedang
BNK0635;40;19,6;165,2;39,3;837;2,1;25;0,27;12,3;Multiguna;Tetap;Tidak;Risiko Rendah
BNK0636;44;15,9;65,7;58,8;837;0;34;0,15;8,2;Konsumtif;Tetap;Ya;Risiko Rendah
BNK0637;51;20,5;124,7;34,4;733;1,4;21;0,32;10,7;Konsumtif;Tetap;Ya;Risiko Rendah
BNK0638;33;14,7;84,5;140,1;681;0,2;13;0,21;0,2;Produktif;Tetap;Ya;Risiko Sedang
BNK0639;42;6,3;49,2;93,8;699;2,4;14;0,33;5;Multiguna;Kontrak;Ya;Risiko Sedang
BNK0640;25;2;29,7;116,2;512;4,1;21;0,46;3,4;Konsumtif;Tetap;Ya;Risiko Tinggi
BNK0641;21;7,2;6,9;155,1;596;5,8;16;0,68;3,9;Konsumtif;Kontrak;Ya;Risiko Tinggi
BNK0642;28;19;164,5;44,9;750;0;27;0,12;8,4;Produktif;Wiraswasta;Ya;Risiko Rendah
BNK0643;31;11;44,6;119,9;605;3,1;24;0,52;5,5;Konsumtif;Wiraswasta;Ya;Risiko Tinggi
BNK0644;46;18,1;133,2;60,9;746;0,8;34;0,10;7,2;Produktif;Wiraswasta;Ya;Risiko Rendah
BNK0645;54;22,3;111;49,1;668;0;31;0,26;7,5;Konsumtif;Tetap;Ya;Risiko Rendah
BNK0646;21;13;55;48,1;720;2,8;23;0,42;5,9;Konsumtif;Kontrak;Ya;Risiko Sedang
BNK0647;38;23,8;108,3;50,8;788;0;18;0,11;9,1;Produktif;Kontrak;Ya;Risiko Rendah
BNK0648;31;7,4;66,7;100,1;672;4,4;24;0,42;3,8;Produktif;Kontrak;Ya;Risiko Sedang
BNK0649;23;13,5;63,2;44,1;591;1,5;26;0,42;4,4;Multiguna;Wiraswasta;Ya;Risiko Sedang
BNK0650;22;3,5;39,3;94,7;614;4;15;0,68;3,6;Konsumtif;Kontrak;Ya;Risiko Tinggi
BNK0651;40;13,6;77,9;76,2;646;0,3;18;0,27;7,4;Produktif;Kontrak;Ya;Risiko Sedang
BNK0652;36;19,8;109,8;74,9;714;0;25;0,21;9,4;Produktif;Tetap;Ya;Risiko Rendah
BNK0653;31;11,9;91;117;721;1,6;14;0,49;3;Konsumtif;Tetap;Tidak;Risiko Sedang
BNK0654;30;10,1;18,2;111,7;721;2,9;20;0,38;8,2;Multiguna;Tetap;Tidak;Risiko Sedang
BNK0655;27;17,8;206,7;17,6;677;2,1;32;0,12;6,4;Produktif;Tetap;Tidak;Risiko Rendah
BNK0656;36;8,9;55,1;32;641;2,3;20;0,29;6,3;Konsumtif;Kontrak;Tidak;Risiko Sedang
BNK0657;22;5,8;0;147,2;479;4,3;21;0,61;3,3;Konsumtif;Wiraswasta;Ya;Risiko Tinggi
BNK0658;33;10,9;112,8;93;567;1,6;25;0,33;3;Multiguna;Kontrak;Ya;Risiko Sedang
BNK0659;63;19,5;137,1;39,6;755;0,6;35;0,28;10,8;Multiguna;Kontrak;Ya;Risiko Rendah
BNK0660;31;9,4;56,1;66;661;0;10;0,54;3,5;Produktif;Wiraswasta;Ya;Risiko Sedang
BNK0661;31;7,7;0;144,7;489;4,5;20;0,47;1,1;Produktif;Tetap;Tidak;Risiko Tinggi
BNK0662;25;7;10,6;115,5;519;4,5;7;0,59;3;Produktif;Kontrak;Ya;Risiko Tinggi
BNK0663;41;22,7;163,5;96,6;736;0;32;0,28;9,1;Multiguna;Kontrak;Ya;Risiko Rendah
BNK0664;20;18,5;136,6;0;850;2,9;27;0,28;8;Konsumtif;Tetap;Ya;Risiko Rendah
BNK0665;33;17,2;114,9;78;670;3,3;14;0,38;7,8;Konsumtif;Kontrak;Ya;Risiko Sedang
BNK0666;34;21,8;133;12,7;750;0,4;23;0,28;8,7;Konsumtif;Tetap;Tidak;Risiko Rendah
BNK0667;40;19,6;83,4;41,9;699;1,4;24;0,09;9,2;Konsumtif;Tetap;Ya;Risiko Rendah
BNK0668;45;10,6;62,3;129,9;648;0;15;0,47;3,4;Konsumtif;Tetap;Tidak;Risiko Sedang
BNK0669;35;14,7;55,7;79,5;626;0;16;0,31;2,9;Produktif;Tetap;Ya;Risiko Sedang
BNK0670;20;8,7;99,2;58,8;689;5;20;0,28;5;Konsumtif;Tetap;Tidak;Risiko Sedang
BNK0671;26;21,7;176,9;19,4;765;3,5;25;0,34;8,5;Produktif;Tetap;Ya;Risiko Rendah
BNK0672;23;15,3;128;34,5;737;0,1;30;0,18;5,9;Konsumtif;Tetap;Ya;Risiko Rendah
BNK0673;40;15,6;120,1;8,6;782;0;24;0,19;5,8;Multiguna;Tetap;Ya;Risiko Rendah
BNK0674;60;17,6;181,4;30;797;0;17;0,26;8;Konsumtif;Tetap;Ya;Risiko Rendah
BNK0675;35;5,2;86,9;88,1;667;1,8;16;0,27;5,8;Multiguna;Tetap;Tidak;Risiko Sedang
BNK0676;30;14,6;99,1;96,1;621;4;19;0,45;6,1;Konsumtif;Tetap;Ya;Risiko Sedang
BNK0677;41;2,6;75,6;96,8;573;3,6;14;0,64;0,2;Multiguna;Tetap;Tidak;Risiko Tinggi
BNK0678;29;11,7;46,7;98,6;595;0,7;23;0,37;8,4;Produktif;Tetap;Ya;Risiko Sedang
BNK0679;40;13,2;82,5;79,3;513;1,5;32;0,37;8,2;Konsumtif;Kontrak;Tidak;Risiko Sedang
BNK0680;30;4,8;0;133,9;635;7,3;20;0,46;3,8;Produktif;Kontrak;Ya;Risiko Tinggi
BNK0681;34;14,6;69,4;66,8;596;3,9;22;0,43;5,7;Multiguna;Wiraswasta;Tidak;Risiko Sedang
BNK0682;36;14,9;0;144,9;513;5;23;0,54;0,7;Konsumtif;Wiraswasta;Ya;Risiko Tinggi
BNK0683;52;20,8;157,2;15,2;706;2,7;19;0,21;6,1;Konsumtif;Tetap;Tidak;Risiko Rendah
BNK0684;45;9,2;80,2;0;643;1,8;21;0,36;6,7;Konsumtif;Kontrak;Tidak;Risiko Sedang
BNK0685;18;5,3;78,8;91,3;611;4,7;17;0,53;0,2;Konsumtif;Kontrak;Tidak;Risiko Tinggi
BNK0686;24;17;51,8;88,8;633;3,6;15;0,48;1,7;Produktif;Kontrak;Tidak;Risiko Sedang
BNK0687;44;12,9;189;26,3;677;2;24;0,33;11,3;Multiguna;Tetap;Tidak;Risiko Rendah
BNK0688;21;8,5;52,1;123;543;4,8;12;0,63;3,5;Konsumtif;Tetap;Ya;Risiko Tinggi
BNK0689;51;8,2;112,3;72;656;1,9;13;0,40;8,8;Multiguna;Kontrak;Tidak;Risiko Sedang
BNK0690;18;10,4;58,9;84,5;655;0,8;25;0,46;4,1;Konsumtif;Tetap;Tidak;Risiko Sedang
BNK0691;31;18,6;146,7;97;645;4,7;22;0,28;7,3;Konsumtif;Wiraswasta;Tidak;Risiko Sedang
BNK0692;25;3,5;65;129,7;493;2,9;26;0,42;3,1;Konsumtif;Tetap;Tidak;Risiko Sedang
BNK0693;41;18,6;148,8;62,7;709;0;19;0,23;9,6;Konsumtif;Kontrak;Tidak;Risiko Rendah
BNK0694;23;17,9;98,4;126,7;571;1,1;23;0,44;9,5;Multiguna;Tetap;Ya;Risiko Sedang
BNK0695;56;19,9;175,1;60,3;729;2,6;24;0,18;9,2;Produktif;Tetap;Tidak;Risiko Rendah
BNK0696;36;7,9;0;125,4;473;5;15;0,60;7;Konsumtif;Kontrak;Ya;Risiko Tinggi
BNK0697;37;3,9;5,3;129,8;613;4,3;14;0,62;1,7;Konsumtif;Wiraswasta;Tidak;Risiko Tinggi
BNK0698;27;17;131,7;22,1;791;3,3;21;0,22;9,1;Konsumtif;Tetap;Ya;Risiko Rendah
BNK0699;30;5,9;32,2;85;503;3,9;21;0,55;0,2;Konsumtif;Kontrak;Ya;Risiko Tinggi
BNK0700;36;9,6;61;69,6;686;1;13;0,45;3,8;Konsumtif;Tetap;Ya;Risiko Sedang
BNK0701;43;15,2;71;103,5;538;2,2;17;0,30;4,8;Konsumtif;Tetap;Tidak;Risiko Sedang
BNK0702;34;4,9;0;61,6;642;5,7;12;0,49;3,1;Konsumtif;Kontrak;Tidak;Risiko Tinggi
BNK0703;37;21,4;109,7;31,7;801;0;24;0,27;10,6;Produktif;Tetap;Ya;Risiko Rendah
BNK0704;53;23,5;128,3;52,1;792;1,9;29;0,29;7,9;Produktif;Tetap;Tidak;Risiko Rendah
BNK0705;54;16,2;149,2;86;682;0;23;0,24;5;Produktif;Tetap;Ya;Risiko Rendah
BNK0706;30;8,5;22,1;118,6;582;4,9;13;0,58;1,5;Multiguna;Wiraswasta;Ya;Risiko Tinggi
BNK0707;40;9,8;51,8;123,3;583;5;21;0,64;1,6;Konsumtif;Tetap;Tidak;Risiko Tinggi
BNK0708;29;7,9;94,4;55,8;720;2,2;32;0,29;6,2;Konsumtif;Tetap;Tidak;Risiko Sedang
BNK0709;35;7,5;44,9;44,2;589;1,4;10;0,33;5,8;Konsumtif;Tetap;Tidak;Risiko Sedang
BNK0710;40;7,2;74,1;87,2;618;3,6;28;0,46;7;Konsumtif;Tetap;Ya;Risiko Sedang
BNK0711;19;11,5;101,9;65,6;786;4,5;15;0,30;6,3;Konsumtif;Tetap;Tidak;Risiko Sedang
BNK0712;49;18,1;141;41,9;766;2,6;22;0,17;9,3;Produktif;Kontrak;Tidak;Risiko Rendah
BNK0713;29;6,7;104,9;57,3;607;1,1;24;0,54;9,7;Konsumtif;Tetap;Ya;Risiko Sedang
BNK0714;40;11,1;69,5;101,7;652;3,5;20;0,38;6,5;Multiguna;Tetap;Tidak;Risiko Sedang
BNK0715;32;11,1;7,3;130,5;538;6;17;0,64;4;Multiguna;Tetap;Ya;Risiko Tinggi
BNK0716;42;13,1;174,8;72,8;691;2,3;28;0,24;6,5;Produktif;Tetap;Ya;Risiko Rendah
BNK0717;29;11,8;50,7;67,2;657;2;15;0,44;0,6;Produktif;Tetap;Ya;Risiko Sedang
BNK0718;39;5,1;54,2;103,9;670;0,7;14;0,39;5,5;Produktif;Tetap;Tidak;Risiko Sedang
BNK0719;48;12,1;106,3;76,2;727;3,8;18;0,26;4,1;Produktif;Kontrak;Tidak;Risiko Sedang
BNK0720;26;13,5;45,6;39,9;628;1,1;11;0,39;2,7;Produktif;Wiraswasta;Tidak;Risiko Sedang
BNK0721;24;9,7;0;164,6;511;5,8;12;0,58;4;Multiguna;Tetap;Tidak;Risiko Tinggi
BNK0722;23;5,8;31,7;90,6;527;5,5;10;0,47;2,5;Konsumtif;Wiraswasta;Tidak;Risiko Tinggi
BNK0723;39;17;130,6;52,4;797;1;23;0,21;4,8;Produktif;Tetap;Ya;Risiko Rendah
BNK0724;35;8;0;141,1;567;4,2;19;0,67;3,8;Konsumtif;Wiraswasta;Tidak;Risiko Tinggi
BNK0725;31;10,7;61,1;117,1;590;3,8;18;0,45;6,3;Konsumtif;Wiraswasta;Ya;Risiko Sedang
BNK0726;39;17,2;189,9;49,1;714;0,1;26;0,05;8,7;Produktif;Tetap;Ya;Risiko Rendah
BNK0727;38;19,5;164;45,2;831;0,3;19;0,22;7,4;Konsumtif;Tetap;Ya;Risiko Rendah
BNK0728;28;23,4;110,1;32,7;734;0;26;0,25;8,8;Konsumtif;Tetap;Ya;Risiko Rendah
BNK0729;22;2;2,1;147,6;578;2,7;22;0,44;2,3;Konsumtif;Kontrak;Tidak;Risiko Tinggi
BNK0730;54;26,7;168,5;41,5;759;0,1;22;0,27;11,1;Konsumtif;Kontrak;Tidak;Risiko Rendah
BNK0731;30;11,4;140,2;55,1;772;0;21;0,21;7,9;Multiguna;Tetap;Tidak;Risiko Rendah
BNK0732;31;8,4;44,5;99,8;566;5,3;4;0,63;3,3;Multiguna;Kontrak;Tidak;Risiko Tinggi
BNK0733;32;6,9;140,8;32,9;675;2,9;16;0,31;4,6;Konsumtif;Tetap;Ya;Risiko Sedang
BNK0734;38;18;142,8;0,6;804;3,4;28;0,10;6,2;Produktif;Tetap;Ya;Risiko Rendah
BNK0735;45;10,2;63,2;128,1;594;1,2;17;0,46;5,3;Produktif;Tetap;Ya;Risiko Sedang
BNK0736;30;11,8;26,5;65,4;747;2,6;15;0,51;3,2;Produktif;Kontrak;Ya;Risiko Sedang
BNK0737;37;11,8;0;29,2;601;1,6;29;0,33;8,2;Produktif;Tetap;Ya;Risiko Sedang
BNK0738;51;22,9;223,4;60,6;817;0,3;31;0,25;6,8;Multiguna;Tetap;Tidak;Risiko Rendah
BNK0739;27;4,5;26,9;39,6;592;4,9;16;0,62;5,5;Produktif;Wiraswasta;Ya;Risiko Tinggi
BNK0740;35;11,7;65,3;153,8;616;1,7;24;0,37;6;Konsumtif;Wiraswasta;Tidak;Risiko Sedang
BNK0741;30;19,2;94,5;0;789;0,4;32;0,29;7,8;Produktif;Tetap;Ya;Risiko Rendah
BNK0742;34;12,1;119,1;117,6;653;2,2;23;0,36;3,4;Multiguna;Tetap;Ya;Risiko Sedang
BNK0743;35;6,7;51,4;145,4;473;3,4;14;0,63;0,2;Konsumtif;Kontrak;Ya;Risiko Tinggi
BNK0744;35;10;0;82,8;527;3,2;19;0,48;3,3;Konsumtif;Wiraswasta;Ya;Risiko Tinggi
BNK0745;31;14,1;50,8;118;542;6,4;20;0,50;5,5;Konsumtif;Wiraswasta;Ya;Risiko Tinggi
BNK0746;23;4,6;0;74,9;484;5;10;0,61;1,1;Multiguna;Wiraswasta;Ya;Risiko Tinggi
BNK0747;45;10,2;93,2;98,3;755;2,1;26;0,35;2,7;Produktif;Wiraswasta;Tidak;Risiko Sedang
BNK0748;18;6,9;0;137,3;592;3,7;17;0,67;3,5;Konsumtif;Tetap;Tidak;Risiko Tinggi
BNK0749;31;11,9;86,4;37,4;542;1,9;20;0,45;6,2;Konsumtif;Tetap;Tidak;Risiko Sedang
BNK0750;40;7;118,9;89,7;714;0,8;25;0,38;1,6;Konsumtif;Tetap;Tidak;Risiko Sedang
BNK0751;44;15,1;177,2;111,7;799;2;24;0,30;6,9;Konsumtif;Tetap;Tidak;Risiko Rendah
BNK0752;51;22,2;116,2;0;691;0;28;0,16;5,4;Produktif;Tetap;Tidak;Risiko Rendah
BNK0753;36;19,7;162;25,5;742;0;22;0,23;9;Konsumtif;Tetap;Ya;Risiko Rendah
BNK0754;23;15,7;131,8;61,2;732;0;34;0,24;7,9;Konsumtif;Tetap;Ya;Risiko Rendah
BNK0755;41;10,8;5,5;113,3;508;4,6;6;0,40;0,7;Konsumtif;Wiraswasta;Ya;Risiko Tinggi
BNK0756;18;11,9;19,2;140,1;523;5,7;9;0,57;0,3;Produktif;Wiraswasta;Tidak;Risiko Tinggi
BNK0757;42;14,1;142,5;10,6;815;0;31;0,18;9,1;Multiguna;Tetap;Ya;Risiko Rendah
BNK0758;44;8,3;13,2;111,6;619;7,2;11;0,62;3,2;Konsumtif;Wiraswasta;Ya;Risiko Tinggi
BNK0759;33;19,6;136;55,3;697;0;21;0,19;10;Multiguna;Tetap;Ya;Risiko Rendah
BNK0760;31;15;116;24,9;730;0;19;0,22;7;Konsumtif;Tetap;Tidak;Risiko Rendah
BNK0761;18;13,4;40,1;112,7;654;3,5;17;0,40;7,1;Konsumtif;Kontrak;Ya;Risiko Sedang
BNK0762;34;12,9;43,8;93,8;513;3,1;16;0,32;4,1;Produktif;Kontrak;Ya;Risiko Sedang
BNK0763;48;4,7;78;51,9;629;1,5;15;0,35;8,2;Produktif;Tetap;Ya;Risiko Sedang
BNK0764;49;15,9;9,5;112;589;7,3;22;0,48;4,1;Multiguna;Kontrak;Tidak;Risiko Tinggi
BNK0765;36;15,2;83,8;62,3;595;2,4;24;0,42;5,9;Konsumtif;Tetap;Tidak;Risiko Sedang
BNK0766;22;8,4;0;127,4;444;4;16;0,63;2,8;Multiguna;Kontrak;Tidak;Risiko Tinggi
BNK0767;49;17,4;111,5;30,2;776;0;40;0,29;11,6;Multiguna;Tetap;Ya;Risiko Rendah
BNK0768;48;6,9;129,9;2,2;684;2,1;18;0,36;3,4;Multiguna;Tetap;Tidak;Risiko Sedang
BNK0769;36;10,1;59,2;73,1;645;2;18;0,34;4,8;Produktif;Tetap;Ya;Risiko Sedang
BNK0770;24;17,2;98;83,6;752;1,8;27;0,41;4,1;Produktif;Kontrak;Ya;Risiko Sedang
BNK0771;41;17,4;34,1;81,5;611;0,4;16;0,47;7,8;Produktif;Kontrak;Ya;Risiko Sedang
BNK0772;34;12,7;27,8;119,6;428;4,7;20;0,59;5,1;Multiguna;Kontrak;Ya;Risiko Tinggi
BNK0773;50;16,3;120,4;73,4;701;2,2;20;0,36;9,1;Produktif;Tetap;Tidak;Risiko Rendah
BNK0774;59;22,1;168,3;44,4;684;0;33;0,35;3,1;Produktif;Wiraswasta;Tidak;Risiko Rendah
BNK0775;30;8,8;5,5;101,9;581;4,4;13;0,66;1,3;Multiguna;Wiraswasta;Tidak;Risiko Tinggi
BNK0776;49;16,8;151,1;72,3;736;0,4;29;0,14;10,9;Multiguna;Tetap;Ya;Risiko Rendah
BNK0777;31;13,5;202,6;63,1;817;0;28;0,12;11,2;Konsumtif;Kontrak;Ya;Risiko Rendah
BNK0778;25;19;139,5;11,9;682;0;29;0,10;9,1;Multiguna;Tetap;Ya;Risiko Rendah
BNK0779;30;18,9;143,5;22,7;721;0;22;0,12;9,3;Multiguna;Tetap;Ya;Risiko Rendah
BNK0780;48;25;94,6;54,4;834;1,9;25;0,22;12,1;Produktif;Tetap;Ya;Risiko Rendah
BNK0781;41;11,4;21,4;121,8;608;4;21;0,52;3,6;Produktif;Kontrak;Ya;Risiko Tinggi
BNK0782;27;14,9;89,3;64,7;668;1,7;21;0,32;3,7;Konsumtif;Wiraswasta;Tidak;Risiko Sedang
BNK0783;33;3,3;27,2;174,7;621;5,5;18;0,47;6,2;Konsumtif;Wiraswasta;Tidak;Risiko Tinggi
BNK0784;41;12,9;165,6;74,2;778;1,5;30;0,21;9,1;Konsumtif;Wiraswasta;Tidak;Risiko Rendah
BNK0785;45;22,1;89,9;13,8;837;0,8;27;0,08;7,7;Multiguna;Tetap;Ya;Risiko Rendah
BNK0786;38;17,9;93,3;101,8;850;0,1;8;0,29;7,4;Konsumtif;Tetap;Ya;Risiko Rendah
BNK0787;28;10,5;53,8;47,2;627;4,6;19;0,42;5,8;Konsumtif;Tetap;Ya;Risiko Sedang
BNK0788;35;9,5;49,6;88,3;592;0;24;0,52;3,9;Produktif;Wiraswasta;Ya;Risiko Sedang
BNK0789;33;8,1;109,4;48,9;666;3,4;16;0,46;6,9;Konsumtif;Kontrak;Tidak;Risiko Sedang
BNK0790;50;11,2;136,4;108,1;850;0;17;0,29;6,1;Konsumtif;Kontrak;Ya;Risiko Rendah
BNK0791;24;6,3;30,8;127,4;495;6,3;16;0,60;1,3;Konsumtif;Kontrak;Tidak;Risiko Tinggi
BNK0792;60;15,4;157,7;33;805;0,4;26;0,23;9,8;Produktif;Kontrak;Tidak;Risiko Rendah
BNK0793;30;3,7;3,1;77,2;704;4,9;19;0,53;0,4;Konsumtif;Kontrak;Tidak;Risiko Tinggi
BNK0794;35;17,9;77,8;35,1;647;3,1;16;0,39;5,4;Konsumtif;Tetap;Tidak;Risiko Sedang
BNK0795;34;23,5;139,5;24,2;649;1,3;32;0,02;7,8;Produktif;Tetap;Ya;Risiko Rendah
BNK0796;21;7,3;55,2;127,3;758;0;13;0,27;1,1;Multiguna;Tetap;Tidak;Risiko Sedang
BNK0797;53;12;32,6;95,7;572;1,5;19;0,35;4;Multiguna;Tetap;Ya;Risiko Sedang
BNK0798;33;11,3;122,6;51,6;719;3,3;18;0,33;7,6;Produktif;Tetap;Ya;Risiko Sedang
BNK0799;27;15,4;69,6;58;580;1,5;14;0,19;4,9;Produktif;Wiraswasta;Tidak;Risiko Sedang
BNK0800;57;18,5;117,7;11,7;792;0;29;0,12;5;Konsumtif;Tetap;Ya;Risiko Rendah
BNK0801;38;12,3;101,1;47,8;698;4,6;9;0,41;7,7;Konsumtif;Wiraswasta;Ya;Risiko Sedang
BNK0802;42;12,8;176,9;0;823;2,4;27;0,12;8;Multiguna;Tetap;Tidak;Risiko Rendah
BNK0803;40;19,8;138,9;54,1;703;1,8;20;0,12;11,1;Konsumtif;Tetap;Ya;Risiko Rendah
BNK0804;37;16,9;212,3;0;716;1,3;25;0,34;6,1;Multiguna;Tetap;Ya;Risiko Rendah
BNK0805;41;9,8;66,3;48,2;685;2;18;0,37;3,6;Konsumtif;Tetap;Ya;Risiko Sedang
BNK0806;46;17,2;159,7;51,7;774;0;28;0,29;6;Konsumtif;Kontrak;Tidak;Risiko Rendah
BNK0807;42;12,2;181,6;36,8;839;0,2;26;0,11;7,3;Produktif;Wiraswasta;Tidak;Risiko Rendah
BNK0808;40;12;112;72,7;631;2,5;24;0,23;4,3;Konsumtif;Kontrak;Ya;Risiko Sedang
BNK0809;50;14;36,1;93,4;680;0;19;0,32;6,7;Konsumtif;Tetap;Tidak;Risiko Sedang
BNK0810;48;20,8;144,5;14,5;808;0;21;0,14;8;Multiguna;Wiraswasta;Tidak;Risiko Rendah
BNK0811;29;13,5;93,9;86,7;571;1,4;24;0,30;1,8;Konsumtif;Kontrak;Ya;Risiko Sedang
BNK0812;35;17,2;98,2;46,2;811;2,5;21;0,25;10,3;Produktif;Kontrak;Tidak;Risiko Rendah
BNK0813;37;10,6;23,2;78,9;671;4;15;0,44;4,6;Produktif;Tetap;Tidak;Risiko Sedang
BNK0814;30;6,7;37,6;111,4;611;7,1;21;0,62;3,9;Produktif;Tetap;Ya;Risiko Tinggi
BNK0815;58;19,4;127;78;819;0,3;23;0,20;8,9;Produktif;Tetap;Tidak;Risiko Rendah
BNK0816;40;12,6;131,7;27,9;782;0,2;26;0,20;8,9;Konsumtif;Tetap;Tidak;Risiko Rendah
BNK0817;35;3,3;21;151,2;444;5,9;19;0,49;4,6;Konsumtif;Kontrak;Ya;Risiko Tinggi
BNK0818;40;18;10,4;143,3;551;4,7;22;0,36;2,9;Konsumtif;Kontrak;Ya;Risiko Sedang
BNK0819;31;5,4;51,8;67,3;742;1,6;31;0,29;4,1;Konsumtif;Tetap;Ya;Risiko Sedang
BNK0820;34;17,8;188,5;46,6;850;1,3;35;0,20;8,2;Produktif;Kontrak;Ya;Risiko Rendah
BNK0821;20;7,7;3,8;102,8;583;4,7;23;0,53;3,4;Konsumtif;Kontrak;Ya;Risiko Tinggi
BNK0822;50;21,5;123,7;1,3;835;0,9;28;0,10;9;Produktif;Tetap;Tidak;Risiko Rendah
BNK0823;59;14,3;128,7;7,3;748;0,5;31;0,28;6,4;Konsumtif;Kontrak;Ya;Risiko Rendah
BNK0824;34;15,3;190,3;0;827;2,1;27;0,10;9,5;Konsumtif;Wiraswasta;Ya;Risiko Rendah
BNK0825;39;10,9;56;68,6;699;3,2;18;0,37;2,1;Produktif;Kontrak;Tidak;Risiko Sedang
BNK0826;31;11,4;37,8;108,9;660;0;18;0,38;4;Produktif;Kontrak;Tidak;Risiko Sedang
BNK0827;37;18;126,3;27,1;698;2,5;25;0,24;9,9;Konsumtif;Tetap;Ya;Risiko Rendah
BNK0828;28;11,3;112,2;105,3;622;0;28;0,43;3,1;Konsumtif;Wiraswasta;Tidak;Risiko Sedang
BNK0829;32;10,7;27,3;86,6;677;0,8;26;0,23;5,5;Multiguna;Tetap;Tidak;Risiko Sedang
BNK0830;46;15,9;128,9;64,4;770;0,6;22;0,14;8;Konsumtif;Kontrak;Ya;Risiko Rendah
BNK0831;20;13,2;89,5;66,2;690;0;14;0,34;6,3;Konsumtif;Kontrak;Tidak;Risiko Sedang
BNK0832;47;22;112,8;46,5;689;0;28;0,27;6,2;Produktif;Kontrak;Ya;Risiko Rendah
BNK0833;33;16,8;105,8;77,3;686;2,9;17;0,36;6,6;Produktif;Tetap;Ya;Risiko Sedang
BNK0834;43;15,8;92,3;74,6;688;0,1;7;0,33;6,2;Produktif;Tetap;Ya;Risiko Sedang
BNK0835;18;9,9;61,9;138,9;609;5,3;9;0,62;4,2;Konsumtif;Kontrak;Tidak;Risiko Tinggi
BNK0836;37;11,2;79,1;80,9;638;1,8;27;0,41;5,7;Konsumtif;Wiraswasta;Tidak;Risiko Sedang
BNK0837;45;19,7;150,8;15,4;766;1,6;28;0,24;8,2;Produktif;Tetap;Ya;Risiko Rendah
BNK0838;45;2;0;114,5;464;4,8;9;0,49;1,9;Multiguna;Kontrak;Tidak;Risiko Tinggi
BNK0839;30;6,1;72,8;75;660;2,5;16;0,39;3,4;Multiguna;Kontrak;Ya;Risiko Sedang
BNK0840;50;15,8;44,4;59,3;692;1,6;25;0,35;5,5;Konsumtif;Kontrak;Ya;Risiko Sedang
BNK0841;37;5,9;96,6;68,6;614;0;25;0,27;6,6;Produktif;Tetap;Tidak;Risiko Sedang
BNK0842;37;13;107,3;12,8;702;0;18;0,12;5,1;Multiguna;Kontrak;Ya;Risiko Rendah
BNK0843;36;10,2;48;112,9;678;1,3;16;0,30;5,9;Konsumtif;Tetap;Tidak;Risiko Sedang
BNK0844;29;2,4;46,9;107,7;620;4;11;0,54;1,2;Multiguna;Tetap;Ya;Risiko Tinggi
BNK0845;52;19,7;94,3;17,8;751;0,8;23;0,24;8,5;Produktif;Tetap;Ya;Risiko Rendah
BNK0846;33;20,3;114,2;33,4;815;2,7;29;0,25;6,5;Multiguna;Tetap;Ya;Risiko Rendah
BNK0847;30;6,1;86,1;86;602;1,2;9;0,25;3;Konsumtif;Kontrak;Ya;Risiko Sedang
BNK0848;18;2,6;16,1;114,2;483;5,5;9;0,55;2,6;Konsumtif;Wiraswasta;Tidak;Risiko Tinggi
BNK0849;58;20,9;73,9;6,7;757;0;31;0,26;11,5;Produktif;Tetap;Tidak;Risiko Rendah
BNK0850;46;9,7;84,4;105,6;649;0;29;0,34;4,9;Konsumtif;Kontrak;Ya;Risiko Sedang
BNK0851;36;16,1;99;114,3;641;3,1;24;0,50;4,6;Konsumtif;Kontrak;Tidak;Risiko Sedang
BNK0852;48;15,4;84,6;88,6;616;0,5;7;0,25;2,7;Konsumtif;Tetap;Ya;Risiko Sedang
BNK0853;52;7,2;96,9;65,8;759;2,5;20;0,37;6,5;Konsumtif;Tetap;Ya;Risiko Sedang
BNK0854;20;13,7;14,2;101,4;573;8,6;16;0,69;1,4;Konsumtif;Tetap;Tidak;Risiko Tinggi
BNK0855;35;21,8;71,5;78,6;829;0,8;26;0,25;6,1;Produktif;Wiraswasta;Tidak;Risiko Rendah
BNK0856;18;7,2;49,4;140,6;558;4,8;14;0,54;5,6;Konsumtif;Wiraswasta;Tidak;Risiko Tinggi
BNK0857;28;12,3;140,2;0;831;2,2;17;0,25;11;Produktif;Tetap;Tidak;Risiko Rendah
BNK0858;28;8,2;150,4;124;785;3,2;11;0,39;6,4;Konsumtif;Tetap;Tidak;Risiko Sedang
BNK0859;43;22,3;211,2;76,6;850;0;33;0,16;10,7;Konsumtif;Kontrak;Ya;Risiko Rendah
BNK0860;49;13,3;57,9;95,8;695;0;31;0,35;5,2;Konsumtif;Tetap;Ya;Risiko Sedang
BNK0861;39;7,1;29,8;69,4;691;1,9;15;0,41;7,8;Multiguna;Tetap;Tidak;Risiko Sedang
BNK0862;38;5,7;30;89,2;703;3,8;24;0,48;8,9;Konsumtif;Tetap;Ya;Risiko Sedang
BNK0863;21;5,9;86,2;97,4;674;2,2;10;0,42;7,4;Konsumtif;Wiraswasta;Ya;Risiko Sedang
BNK0864;18;3,3;33,2;119,8;591;5,8;18;0,62;4;Produktif;Kontrak;Tidak;Risiko Tinggi
BNK0865;45;19,3;163,5;41,7;639;0;30;0,26;10,3;Konsumtif;Tetap;Tidak;Risiko Rendah
BNK0866;45;18,2;176,1;0;703;0;25;0,14;11,2;Konsumtif;Tetap;Ya;Risiko Rendah
BNK0867;36;12,9;138,8;74,9;805;2,5;33;0,27;11,2;Konsumtif;Tetap;Tidak;Risiko Rendah
BNK0868;58;16,5;116,5;71,5;694;2,1;30;0,04;7,5;Produktif;Kontrak;Tidak;Risiko Rendah
BNK0869;33;13,7;107,1;59,8;626;1,4;17;0,35;3,6;Produktif;Tetap;Ya;Risiko Sedang
BNK0870;60;22,6;131,6;55,1;733;2;29;0,18;8,6;Konsumtif;Tetap;Ya;Risiko Rendah
BNK0871;35;15;118,4;86,9;743;0,6;12;0,30;3,7;Konsumtif;Kontrak;Ya;Risiko Sedang
BNK0872;31;9,1;106,9;105,1;604;3,9;22;0,36;4,1;Konsumtif;Kontrak;Ya;Risiko Sedang
BNK0873;29;2,8;15,6;140,5;467;5,4;17;0,63;0,2;Produktif;Tetap;Ya;Risiko Tinggi
BNK0874;25;8,8;11,8;112,5;550;4,3;16;0,58;0,2;Multiguna;Wiraswasta;Ya;Risiko Tinggi
BNK0875;42;17,2;106,6;57,9;725;0,8;28;0,06;6,6;Konsumtif;Tetap;Tidak;Risiko Rendah
BNK0876;27;7,4;0;114,3;538;4,3;1;0,68;5;Konsumtif;Tetap;Tidak;Risiko Tinggi
BNK0877;43;20,5;123,4;58;793;0,2;21;0,13;10,7;Konsumtif;Tetap;Ya;Risiko Rendah
BNK0878;42;15,5;143,5;88,6;653;2,6;20;0,35;5,7;Konsumtif;Tetap;Tidak;Risiko Sedang
BNK0879;30;6,2;11,9;111,1;516;6,1;10;0,67;1,8;Multiguna;Kontrak;Tidak;Risiko Tinggi
BNK0880;38;17,5;182,1;22,3;780;2;32;0,31;5,7;Produktif;Kontrak;Ya;Risiko Rendah
BNK0881;34;6,5;13,8;83,8;597;3,1;14;0,69;5,9;Multiguna;Wiraswasta;Tidak;Risiko Tinggi
BNK0882;27;7,5;0;183,4;480;3,6;9;0,62;4,9;Konsumtif;Kontrak;Ya;Risiko Tinggi
BNK0883;38;18,6;174,6;5,2;827;0,6;34;0,31;9,4;Multiguna;Tetap;Tidak;Risiko Rendah
BNK0884;44;14,5;98,8;42,2;782;0;21;0,16;8,7;Konsumtif;Tetap;Ya;Risiko Rendah
BNK0885;20;20;115,4;54,1;755;0;18;0,22;6,8;Konsumtif;Tetap;Ya;Risiko Rendah
BNK0886;34;6,6;0;103,9;581;6,3;7;0,62;5,2;Multiguna;Wiraswasta;Ya;Risiko Tinggi
BNK0887;34;13,4;82,2;66,2;523;1,4;25;0,57;3,6;Multiguna;Wiraswasta;Ya;Risiko Sedang
BNK0888;29;7,5;0;123;582;4,7;12;0,58;0,7;Produktif;Wiraswasta;Tidak;Risiko Tinggi
BNK0889;30;16,9;136,8;35,8;707;0;18;0,18;8,1;Multiguna;Tetap;Ya;Risiko Rendah
BNK0890;36;6;52,7;92,4;701;0,1;28;0,40;6,3;Multiguna;Tetap;Ya;Risiko Sedang
BNK0891;56;16,4;137,1;30,4;828;0,2;25;0,27;9,1;Produktif;Tetap;Ya;Risiko Rendah
BNK0892;45;17;131,4;43,9;750;3,7;30;0,26;7,3;Produktif;Wiraswasta;Ya;Risiko Rendah
BNK0893;45;11;125;67,1;684;0,1;27;0,46;4,2;Produktif;Kontrak;Ya;Risiko Sedang
BNK0894;44;17;124,4;27,6;687;0;28;0,20;9,2;Produktif;Wiraswasta;Ya;Risiko Rendah
BNK0895;41;13;42,2;91,4;654;1,3;21;0,49;6,8;Konsumtif;Tetap;Tidak;Risiko Sedang
BNK0896;29;9,2;30,2;143;544;1;13;0,60;3,2;Multiguna;Tetap;Tidak;Risiko Tinggi
BNK0897;26;17,1;52,4;62,3;559;1,4;20;0,36;7,2;Konsumtif;Tetap;Ya;Risiko Sedang
BNK0898;22;15,7;152,6;63,4;803;0;28;0,12;8,2;Konsumtif;Wiraswasta;Tidak;Risiko Rendah
BNK0899;26;15,6;156,3;18;850;0,3;33;0,07;8,9;Produktif;Tetap;Tidak;Risiko Rendah
BNK0900;47;12,4;41,5;96,9;600;1,6;17;0,44;4,2;Konsumtif;Tetap;Ya;Risiko Sedang
BNK0901;29;8;74,4;126,2;603;2,8;18;0,55;0,6;Konsumtif;Wiraswasta;Tidak;Risiko Tinggi
BNK0902;18;4,6;28,6;126,8;603;6,9;16;0,64;1,2;Multiguna;Kontrak;Tidak;Risiko Tinggi
BNK0903;19;13,3;82,3;105,1;662;1,9;24;0,50;4,2;Produktif;Kontrak;Ya;Risiko Sedang
BNK0904;46;17,8;137,5;16,1;810;2;23;0,24;10,4;Produktif;Kontrak;Ya;Risiko Rendah
BNK0905;23;11,9;87,5;130,4;575;2,5;22;0,26;4;Konsumtif;Tetap;Tidak;Risiko Sedang
BNK0906;37;14,8;91,3;58,6;671;0,3;16;0,36;3,8;Konsumtif;Kontrak;Ya;Risiko Sedang
BNK0907;45;9,5;75,4;149,1;671;3,1;29;0,33;7,3;Produktif;Tetap;Ya;Risiko Sedang
BNK0908;27;6,5;3,5;127,5;591;6,2;7;0,59;3,5;Konsumtif;Tetap;Tidak;Risiko Tinggi
BNK0909;47;10,6;0;144,3;603;4,3;17;0,58;5,3;Konsumtif;Wiraswasta;Tidak;Risiko Tinggi
BNK0910;45;2,2;79,6;139,1;581;4,6;11;0,57;2;Konsumtif;Tetap;Tidak;Risiko Tinggi
BNK0911;18;6,7;83,6;105,1;568;0,5;19;0,35;6,6;Konsumtif;Wiraswasta;Tidak;Risiko Sedang
BNK0912;38;14,7;60,5;48,2;722;0;16;0,37;3,3;Multiguna;Wiraswasta;Ya;Risiko Sedang
BNK0913;32;14,8;167,5;37,5;788;1,3;19;0,10;9,9;Produktif;Tetap;Tidak;Risiko Rendah
BNK0914;38;5,2;86,6;61,7;638;2,8;21;0,45;3;Konsumtif;Kontrak;Ya;Risiko Sedang
BNK0915;18;2,2;89,1;81,8;645;4,6;12;0,39;1,6;Produktif;Wiraswasta;Tidak;Risiko Sedang
BNK0916;28;13,8;150,2;50,5;783;0;23;0,15;9,5;Konsumtif;Tetap;Ya;Risiko Rendah
BNK0917;42;15,6;187,4;44,2;764;1;15;0,26;10,4;Produktif;Tetap;Ya;Risiko Rendah
BNK0918;24;19,7;183,6;0;757;0;23;0,17;9,7;Konsumtif;Kontrak;Ya;Risiko Rendah
BNK0919;31;18,9;164,6;34,2;759;0;29;0,14;9,9;Produktif;Tetap;Tidak;Risiko Rendah
BNK0920;40;11;118,3;101,9;640;1,8;18;0,41;2,3;Konsumtif;Wiraswasta;Ya;Risiko Sedang
BNK0921;28;12;116,4;76,6;641;4,6;22;0,27;8,1;Produktif;Wiraswasta;Ya;Risiko Sedang
BNK0922;45;24,2;87,7;27,9;667;0,8;37;0,18;10,5;Konsumtif;Kontrak;Ya;Risiko Rendah
BNK0923;40;10,5;41,8;89,1;680;0,8;17;0,39;9;Produktif;Wiraswasta;Ya;Risiko Sedang
BNK0924;57;23,4;157;0,2;777;0;28;0,31;9,8;Konsumtif;Tetap;Ya;Risiko Rendah
BNK0925;28;14,8;104,4;58;778;0;22;0,11;7,4;Konsumtif;Tetap;Ya;Risiko Rendah
BNK0926;30;11,8;14,8;67,8;481;3,6;14;0,60;3,6;Konsumtif;Wiraswasta;Tidak;Risiko Tinggi
BNK0927;39;6,9;43,8;57,2;637;2;25;0,55;9,1;Konsumtif;Kontrak;Ya;Risiko Sedang
BNK0928;39;10,9;33,1;88,4;596;1,3;10;0,46;4,8;Produktif;Kontrak;Tidak;Risiko Sedang
BNK0929;37;9,4;106,1;89,6;682;3,3;12;0,55;6,2;Konsumtif;Tetap;Ya;Risiko Sedang
BNK0930;29;15,9;156;23,2;812;0;23;0,38;9,7;Produktif;Tetap;Ya;Risiko Rendah
BNK0931;50;18,8;177,8;61,6;780;1,3;32;0,26;8,7;Produktif;Kontrak;Ya;Risiko Rendah
BNK0932;36;5,1;135,5;89,2;616;3,3;22;0,22;5,8;Produktif;Tetap;Ya;Risiko Sedang
BNK0933;44;18,4;133,9;0;775;0;10;0,21;8,5;Konsumtif;Tetap;Ya;Risiko Rendah
BNK0934;34;12,7;96,2;114,5;602;0;20;0,29;6,5;Produktif;Wiraswasta;Tidak;Risiko Sedang
BNK0935;48;9,8;42,4;141,9;477;6,6;19;0,49;1;Konsumtif;Kontrak;Ya;Risiko Tinggi
BNK0936;51;6,4;27,4;88;680;0,9;24;0,41;4;Konsumtif;Tetap;Ya;Risiko Sedang
BNK0937;45;6,7;51,5;134,9;502;3,6;1;0,76;0,5;Multiguna;Tetap;Tidak;Risiko Tinggi
BNK0938;40;14,9;44,4;72,4;570;1,4;27;0,20;6,5;Multiguna;Tetap;Ya;Risiko Sedang
BNK0939;19;21,6;142,2;43;784;1,9;35;0,21;8,7;Produktif;Tetap;Tidak;Risiko Rendah
BNK0940;37;16,3;129,9;89,4;798;0;25;0,25;12,2;Konsumtif;Kontrak;Ya;Risiko Rendah
BNK0941;39;19,9;172,3;40,9;850;0,7;33;0,18;6,8;Konsumtif;Kontrak;Ya;Risiko Rendah
BNK0942;42;20,3;122,4;83,4;705;3,1;35;0,36;7,3;Multiguna;Tetap;Tidak;Risiko Rendah
BNK0943;40;11,5;30,2;109,1;542;1,6;27;0,52;3,9;Konsumtif;Tetap;Tidak;Risiko Sedang
BNK0944;46;19,1;110;0;742;0;20;0,17;7,3;Produktif;Kontrak;Tidak;Risiko Rendah
BNK0945;34;14,5;86,6;117,6;658;0,5;24;0,40;7;Konsumtif;Tetap;Ya;Risiko Sedang
BNK0946;18;10,2;54,6;115,6;672;3,5;25;0,31;5,6;Multiguna;Tetap;Ya;Risiko Sedang
BNK0947;31;8;61,8;83,6;553;5,4;5;0,66;0,2;Multiguna;Kontrak;Tidak;Risiko Tinggi
BNK0948;32;19,2;125,9;32,3;694;0;29;0,20;9,5;Multiguna;Tetap;Ya;Risiko Rendah
BNK0949;28;11;97,6;128,4;750;0,2;21;0,33;2,2;Konsumtif;Wiraswasta;Ya;Risiko Sedang
BNK0950;42;14,5;121,8;51,3;708;2,3;26;0,19;8,1;Konsumtif;Tetap;Ya;Risiko Rendah
BNK0951;32;5,6;50;25,4;670;1,3;22;0,47;7,1;Produktif;Tetap;Tidak;Risiko Sedang
BNK0952;40;19,5;144,5;15;850;0;35;0,17;8,3;Konsumtif;Tetap;Ya;Risiko Rendah
BNK0953;28;14,3;46,7;62;647;0;31;0,35;2,9;Konsumtif;Tetap;Tidak;Risiko Sedang
BNK0954;50;20;195,3;63,1;850;1,5;33;0,27;8,9;Multiguna;Kontrak;Tidak;Risiko Rendah
BNK0955;28;9,4;76,7;97,8;638;2,9;12;0,48;7,5;Konsumtif;Tetap;Tidak;Risiko Sedang
BNK0956;29;13,8;48,1;122,8;546;4,7;24;0,55;0,8;Konsumtif;Tetap;Tidak;Risiko Tinggi
BNK0957;45;20,5;144,7;59,9;772;0;22;0,17;5,1;Multiguna;Tetap;Tidak;Risiko Rendah
BNK0958;49;14,4;53,3;83,3;708;0,5;15;0,37;6,1;Produktif;Wiraswasta;Ya;Risiko Sedang
BNK0959;37;12,9;90,9;68,2;657;3,6;12;0,34;5;Konsumtif;Wiraswasta;Tidak;Risiko Sedang
BNK0960;45;13,3;0;28,9;664;0,3;25;0,30;4;Multiguna;Kontrak;Ya;Risiko Sedang
BNK0961;37;10;8,7;135,2;661;2,4;14;0,32;4,3;Konsumtif;Tetap;Tidak;Risiko Sedang
BNK0962;49;20,8;103,8;15;742;0;16;0,29;4,6;Konsumtif;Tetap;Tidak;Risiko Rendah
BNK0963;38;15;134,3;66;616;0,4;16;0,34;6,6;Produktif;Tetap;Tidak;Risiko Sedang
BNK0964;50;18,8;153,5;39,2;698;0,7;28;0,30;5,1;Konsumtif;Tetap;Ya;Risiko Rendah
BNK0965;46;9;138,7;30;716;0,6;28;0,22;6,7;Produktif;Kontrak;Ya;Risiko Rendah
BNK0966;32;13,5;193,4;54,6;780;0,5;25;0,12;7,4;Produktif;Tetap;Ya;Risiko Rendah
BNK0967;44;13,9;69,3;92,1;655;2,1;32;0,29;5,9;Konsumtif;Wiraswasta;Tidak;Risiko Sedang
BNK0968;36;16,8;166,9;0;784;0;19;0,31;8,5;Konsumtif;Tetap;Ya;Risiko Rendah
BNK0969;30;15,4;125,1;73,8;669;3,1;25;0,38;7,7;Konsumtif;Wiraswasta;Ya;Risiko Sedang
BNK0970;37;10,2;0;50,1;523;6,6;7;0,55;0,2;Konsumtif;Tetap;Tidak;Risiko Tinggi
BNK0971;48;7,8;20,9;127,8;568;4,6;7;0,66;5,1;Konsumtif;Wiraswasta;Ya;Risiko Tinggi
BNK0972;27;20,1;230,9;28,4;644;0;28;0,20;5,7;Produktif;Kontrak;Ya;Risiko Rendah
BNK0973;35;10,4;116,2;50,8;716;0;24;0,25;3,2;Konsumtif;Tetap;Tidak;Risiko Sedang
BNK0974;56;11,6;30,3;131,2;688;3;24;0,45;4,9;Konsumtif;Wiraswasta;Tidak;Risiko Sedang
BNK0975;53;17,1;134,6;0;850;0;23;0,21;10,5;Multiguna;Tetap;Ya;Risiko Rendah
BNK0976;30;10,7;18;107,7;572;4,9;3;0,63;3,3;Produktif;Tetap;Tidak;Risiko Tinggi
BNK0977;32;7,8;5,1;158,5;630;6,3;23;0,62;4,3;Multiguna;Tetap;Ya;Risiko Tinggi
BNK0978;63;16,6;64,3;95,7;509;0,2;30;0,49;2,2;Produktif;Tetap;Tidak;Risiko Sedang
BNK0979;28;9,8;140;45;805;2,1;19;0,33;7,4;Multiguna;Tetap;Tidak;Risiko Sedang
BNK0980;54;14,9;166,9;26,6;773;0;20;0,19;8,8;Multiguna;Tetap;Ya;Risiko Rendah
BNK0981;18;19;162,3;31,2;784;0;19;0,19;8,9;Konsumtif;Tetap;Ya;Risiko Rendah
BNK0982;21;9,8;117,7;95,6;706;1,9;27;0,42;3,9;Konsumtif;Wiraswasta;Ya;Risiko Sedang
BNK0983;43;23,1;106,7;11,8;813;1,1;22;0,09;5,2;Konsumtif;Tetap;Ya;Risiko Rendah
BNK0984;35;21,8;136,4;93,6;768;0;23;0,18;8,2;Multiguna;Tetap;Ya;Risiko Rendah
BNK0985;33;12,9;99,5;26;567;0;15;0,37;3,9;Multiguna;Wiraswasta;Ya;Risiko Sedang
BNK0986;19;9,6;1;125,7;665;4,1;3;0,45;2,9;Multiguna;Wiraswasta;Ya;Risiko Tinggi
BNK0987;46;26,5;128,6;91,3;729;0;32;0,30;9,8;Konsumtif;Tetap;Ya;Risiko Rendah
BNK0988;34;2;79;108,3;528;4;3;0,61;6,1;Multiguna;Tetap;Ya;Risiko Tinggi
BNK0989;26;6,8;42,2;99;527;2,4;20;0,57;3,6;Konsumtif;Kontrak;Ya;Risiko Tinggi
BNK0990;26;13,8;202,5;112,5;584;2,4;19;0,43;7,5;Konsumtif;Tetap;Tidak;Risiko Sedang
BNK0991;55;18,3;237,5;44,5;795;1,2;11;0,27;5,6;Produktif;Tetap;Ya;Risiko Rendah
BNK0992;39;2;39,3;152,7;602;5;9;0,44;3,2;Konsumtif;Kontrak;Ya;Risiko Tinggi
BNK0993;33;8,7;10,2;141,4;505;5,7;11;0,46;3,5;Konsumtif;Tetap;Tidak;Risiko Tinggi
BNK0994;38;19,5;135,5;56,2;850;0,9;27;0,18;7,4;Multiguna;Tetap;Ya;Risiko Rendah
BNK0995;33;16,7;21,2;58,9;684;2;15;0,44;0,2;Produktif;Wiraswasta;Ya;Risiko Sedang
BNK0996;49;11;88;71,5;696;0,9;33;0,51;5,7;Produktif;Tetap;Ya;Risiko Sedang
BNK0997;29;4,7;0;112,4;520;3,8;6;0,82;3,6;Konsumtif;Tetap;Tidak;Risiko Tinggi
BNK0998;28;17,8;52,3;148,1;589;3,5;22;0,55;5,7;Produktif;Kontrak;Ya;Risiko Tinggi
BNK0999;33;19,7;152,5;58,9;732;0;30;0,14;6,4;Produktif;Tetap;Tidak;Risiko Rendah
BNK1000;56;3,9;71,5;41,4;636;4,8;19;0,46;6,2;Konsumtif;Tetap;Tidak;Risiko Sedang
